Submission id,Participant id,Status,Started at,Completed at,Reviewed at,Archived at,Time taken,Completion code,Total approvals,Fluent languages,Handedness,Age,Sex,Ethnicity simplified,Country of birth,Country of residence,Nationality,Language,Student status,Employment status
648772696d78a75ed53ac1d5,57dab7f721d77800018e42fe,APPROVED,2023-06-12T19:32:13.170000Z,2023-06-12T19:53:09.876000Z,2023-06-12T23:58:35.978000,2023-06-12T19:53:10.866626Z,1257,CZELI6JD,348,English,Left-handed,28,Male,Mixed,United States,United States,United States,English,No,Full-Time
64877aef0b0d4e4eb17d80f8,60fcd5602ff7c8f0866ecd0c,APPROVED,2023-06-12T20:07:19.746000Z,2023-06-12T20:34:04.199000Z,2023-06-12T23:58:36.131000,2023-06-12T20:34:04.654397Z,1605,CZELI6JD,488,English,Ambidextrous,21,Female,White,United States,United States,United States,English,No,Part-Time
64877cbbfc16e881b8b58362,610b64dc95ff0ef5b5b9ac6b,APPROVED,2023-06-12T20:15:02.190000Z,2023-06-12T20:35:52.709000Z,2023-06-12T23:58:36.277000,2023-06-12T20:35:53.320975Z,1251,CZELI6JD,1356,English,Left-handed,25,Male,White,United States,United States,United States,English,No,DATA_EXPIRED
64877d03f378c8b0082a5808,63d881ab484805569b553bd8,APPROVED,2023-06-12T20:18:47.589000Z,2023-06-12T20:49:44.587000Z,2023-06-12T23:58:36.423000,2023-06-12T20:49:47.640407Z,1857,CZELI6JD,754,English,Ambidextrous,33,Male,Mixed,United States,United States,United States,English,No,Full-Time
64877db9f751adab2cb05221,62df7fc27c9e824a7a774103,APPROVED,2023-06-12T20:19:11.567000Z,2023-06-12T20:39:13.674000Z,2023-06-12T23:58:36.579000,2023-06-12T20:39:14.141419Z,1203,CZELI6JD,661,English,Left-handed,40,Male,White,United States,United States,United States,English,No,Full-Time
64877e080bf2784826ed9f0a,63d14eca0fd7e8476aff6652,APPROVED,2023-06-12T20:20:30.936000Z,2023-06-12T20:52:13.787000Z,2023-06-12T23:58:36.733000,2023-06-12T20:52:16.487146Z,1903,CZELI6JD,300,English,Ambidextrous,24,Male,White,United States,United States,United States,English,No,Full-Time
64877e299021af15cec6b822,6312ada1ce715ee3916c3748,APPROVED,2023-06-12T20:21:00.540000Z,2023-06-12T20:42:02.682000Z,2023-06-12T23:58:36.880000,2023-06-12T20:42:03.104136Z,1263,CZELI6JD,616,English,Left-handed,29,Male,White,United States,United States,United States,English,No,Other
64877e8f2396fc372bd90b7d,63e55f03b3c1f7481cec6eb9,APPROVED,2023-06-12T20:23:12.592000Z,2023-06-12T20:45:08.749000Z,2023-06-12T23:58:37.040000,2023-06-12T20:45:09.117976Z,1317,CZELI6JD,780,English,Left-handed,38,Female,Mixed,Japan,United States,United States,English,No,Full-Time
64877ef4391b76f391b1f2ea,63d82b0ef18b425db684c7e5,APPROVED,2023-06-12T20:24:24.627000Z,2023-06-12T20:52:44.803000Z,2023-06-12T23:58:37.187000,2023-06-12T20:52:45.181860Z,1701,CZELI6JD,124,English,Left-handed,29,Male,White,United States,United States,United States,English,No,Unemployed (and job seeking)
64877f3a89aafdafbac519a1,63f7c538e9def44bfbdc7db3,APPROVED,2023-06-12T20:27:01.902000Z,2023-06-12T20:56:41.728000Z,2023-06-12T23:58:37.358000,2023-06-12T20:56:42.148778Z,1780,CZELI6JD,918,"English, Spanish",Left-handed,32,Male,Mixed,United States,United States,United States,English,No,Part-Time
64877fbf29d7dbb4b06e7bd5,5c560b6fccb08c0001e134a8,APPROVED,2023-06-12T20:27:50.532000Z,2023-06-12T21:37:06.813000Z,2023-06-12T23:58:37.519000,2023-06-12T21:37:07.305495Z,4157,CZELI6JD,617,English,Left-handed,34,Female,White,United States,United States,United States,English,No,Full-Time
64878196cbb0ae4a4b2b5908,63ed15bed4665c62d9e6dbb2,APPROVED,2023-06-12T20:35:38.624000Z,2023-06-12T20:57:41.604000Z,2023-06-12T23:58:37.673000,2023-06-12T20:57:41.980699Z,1323,CZELI6JD,647,"Arabic, English",Ambidextrous,24,Male,White,Jordan,United States,United States,Arabic,Yes,Part-Time
648781c7901037d429684edd,63dab0380b8791f9560fd329,APPROVED,2023-06-12T20:36:25.906000Z,2023-06-12T20:58:31.421000Z,2023-06-12T23:58:37.841000,2023-06-12T20:58:31.867844Z,1326,CZELI6JD,566,English,Left-handed,35,Male,White,United States,United States,United States,English,No,Full-Time
64878301b1e6093c45ed9f51,64551d250ef342507eb0edf9,APPROVED,2023-06-12T20:41:39.966000Z,2023-06-12T20:54:02.627000Z,2023-06-12T23:58:37.986000,2023-06-12T20:54:03.032463Z,743,CZELI6JD,225,English,Ambidextrous,25,Male,Black,United States,United States,United States,English,Yes,Unemployed (and job seeking)
648783a812ca73021f4967d1,60fed81a020a69e3bbb6017d,APPROVED,2023-06-12T20:44:27.068000Z,2023-06-12T21:03:17.821000Z,2023-06-12T23:58:38.132000,2023-06-12T21:03:21.021649Z,1131,CZELI6JD,147,"Pashto, English",Left-handed,25,Female,Asian,United States,United States,United States,English,Yes,DATA_EXPIRED
648783be172bece1989ce186,638af58823dc0ec4b64d0d34,APPROVED,2023-06-12T20:45:38.938000Z,2023-06-12T21:06:08.617000Z,2023-06-12T23:58:38.283000,2023-06-12T21:06:10.195294Z,1230,CZELI6JD,199,English,Ambidextrous,36,Male,Mixed,United States,United States,United States,English,No,Full-Time
648783be38a5ad32d77962e6,63d92dacc885e6167a4a486c,APPROVED,2023-06-12T20:44:46.280000Z,2023-06-12T21:04:27.369000Z,2023-06-12T23:58:38.445000,2023-06-12T21:04:27.795544Z,1182,CZELI6JD,652,English,Ambidextrous,34,Male,White,United States,United States,United States,English,No,Full-Time
6487843f4c6233e29ba8f58d,5c56964991c0ad0001cfa5ae,APPROVED,2023-06-12T20:47:02.297000Z,2023-06-12T21:08:18.690000Z,2023-06-12T23:58:38.615000,2023-06-12T21:08:19.328676Z,1277,CZELI6JD,1237,"English, Spanish",Left-handed,34,Male,White,United States,United States,United States,English,No,Full-Time
648784a1c94034d8d223bb0a,5c8f9fa8dfbf30001697845d,APPROVED,2023-06-12T20:48:38.820000Z,2023-06-12T21:08:16.729000Z,2023-06-12T23:58:38.758000,2023-06-12T21:08:17.167812Z,1178,CZELI6JD,210,"Spanish, English",Left-handed,33,Female,Mixed,United States,United States,United States,English,No,DATA_EXPIRED
6487859e60c7355cb0728076,63239f94b13228f09348c943,APPROVED,2023-06-12T20:56:19.140000Z,2023-06-12T21:15:35.306000Z,2023-06-12T23:58:38.904000,2023-06-12T21:15:35.867823Z,1157,CZELI6JD,201,English,Left-handed,24,Male,White,United States,United States,United States,English,Yes,Full-Time
648785d1c52f1e7a1a8c358e,63ea4730d677f800a8887ad6,APPROVED,2023-06-12T20:53:42.329000Z,2023-06-12T21:15:09.970000Z,2023-06-12T23:58:39.054000,2023-06-12T21:15:20.225068Z,1288,CZELI6JD,422,English,Ambidextrous,40,Male,Other,United States,United States,United States,English,No,Part-Time
64878647c0107744d76ef88c,60fcfc727484888d11fac02a,APPROVED,2023-06-12T20:55:39.543000Z,2023-06-12T21:20:52.358000Z,2023-06-12T23:58:39.195000,2023-06-12T21:20:52.756499Z,1513,CZELI6JD,530,English,Ambidextrous,38,Female,White,United States,United States,United States,English,No,"Not in paid work (e.g. homemaker', 'retired or disabled)"
648786987081e57e6d40eb8e,63f78d9a7a3d118594efff74,APPROVED,2023-06-12T20:57:14.178000Z,2023-06-12T21:20:16.143000Z,2023-06-12T23:58:39.340000,2023-06-12T21:20:16.713733Z,1382,CZELI6JD,733,English,Ambidextrous,31,Male,White,United States,United States,United States,English,No,Unemployed (and job seeking)
648786bd2c580f666fb051d5,63d7a22621e496f7486bc851,APPROVED,2023-06-12T20:57:41.202000Z,2023-06-12T21:31:00.574000Z,2023-06-12T23:58:39.501000,2023-06-12T21:31:01.377591Z,2000,CZELI6JD,61,English,Left-handed,36,Female,White,United States,United States,United States,English,No,Part-Time
64878799f5abe641146114da,628659966054a3064240cb17,APPROVED,2023-06-12T21:01:26.836000Z,2023-06-12T21:19:15.128000Z,2023-06-12T23:58:39.659000,2023-06-12T21:19:22.462802Z,1069,CZELI6JD,1027,English,Left-handed,34,Male,Mixed,United States,United States,United States,English,No,Full-Time
6487886952d352f9f22fd936,60d54e6c7c07f25c5b751491,APPROVED,2023-06-12T21:09:01.566000Z,2023-06-12T22:17:31.417000Z,2023-06-12T23:58:39.813000,2023-06-12T22:17:31.915686Z,4110,NOCODE,994,English,Left-handed,38,Female,White,United States,United States,United States,English,No,"Not in paid work (e.g. homemaker', 'retired or disabled)"
648788f2883e6150e0ed9f2a,604c43026c4192103feff6e7,APPROVED,2023-06-12T21:07:07.029000Z,2023-06-12T21:26:08.660000Z,2023-06-12T23:58:39.962000,2023-06-12T21:26:09.166560Z,1142,CZELI6JD,48,"English, Spanish",Ambidextrous,21,Male,Mixed,United States,United States,United States,English,DATA_EXPIRED,DATA_EXPIRED
6487895d883e6150e0ed9f46,6446db24e52b65559874f4f6,APPROVED,2023-06-12T21:08:47.918000Z,2023-06-12T21:44:49.177000Z,2023-06-12T23:58:40.110000,2023-06-12T21:44:49.537314Z,2162,CZELI6JD,185,English,Left-handed,27,Male,White,United States,United States,United States,English,No,Full-Time
648789dddfd891788b3edb4e,5b5cff1c9351420001b78419,APPROVED,2023-06-12T21:10:53.424000Z,2023-06-12T21:35:30.455000Z,2023-06-12T23:58:40.258000,2023-06-12T21:35:30.914964Z,1478,CZELI6JD,1599,English,Left-handed,33,Male,White,United States,United States,United States,English,No,Full-Time
64878a44ef2cc2ccec4967c9,5fa7c59d7c24a5554e80e4aa,APPROVED,2023-06-12T21:12:45.091000Z,2023-06-12T21:32:59.717000Z,2023-06-12T23:58:40.398000,2023-06-12T21:33:00.955134Z,1215,CZELI6JD,49,English,Ambidextrous,31,Male,Mixed,United States,United States,United States,English,No,Full-Time
64878afb342bfac6946453ad,63d6dfc970a407ead0b0d3a1,APPROVED,2023-06-12T21:16:39.569000Z,2023-06-12T21:58:24.391000Z,2023-06-12T23:58:40.541000,2023-06-12T21:58:24.838674Z,2505,CZELI6JD,1151,English,Left-handed,29,Male,Black,United States,United States,United States,English,No,Full-Time
64878b120f529dd43fb6634b,5dc61a4e1173bb4786278f33,APPROVED,2023-06-12T21:16:11.788000Z,2023-06-12T21:35:49.870000Z,2023-06-12T23:58:40.685000,2023-06-12T21:35:50.379782Z,1179,CZELI6JD,570,English,Ambidextrous,30,Male,White,United States,United States,United States,English,No,Full-Time
64878b18f361ba9ab5848c03,60d5c363dd49bcb80e528806,APPROVED,2023-06-12T21:16:12.280000Z,2023-06-12T21:35:18.678000Z,2023-06-12T23:58:40.840000,2023-06-12T21:35:19.091094Z,1147,CZELI6JD,240,English,Left-handed,33,Female,White,United States,United States,United States,English,No,Full-Time
64878b215ffa32a5bf3ac1ee,5bbc18010cb04c00015025ce,APPROVED,2023-06-12T21:16:19.046000Z,2023-06-12T21:42:54.935000Z,2023-06-12T23:58:41.008000,2023-06-12T21:42:55.359035Z,1596,CZELI6JD,4053,English,Left-handed,35,Female,White,United States,United States,United States,English,No,Full-Time
64878bb190bd18b94fb051c7,63ced5ba289fa7af427c3740,APPROVED,2023-06-12T21:21:14.258000Z,2023-06-12T21:49:36.943000Z,2023-06-12T23:58:41.155000,2023-06-12T21:49:37.437318Z,1703,CZELI6JD,563,English,Ambidextrous,24,Prefer not to say,White,United States,United States,United States,English,Yes,Full-Time
64878e80e22325a6108b6240,63d864bfc3bc732e26295c9c,APPROVED,2023-06-12T21:30:45.761000Z,2023-06-12T21:52:27.589000Z,2023-06-12T23:58:41.318000,2023-06-12T21:52:28.009945Z,1302,CZELI6JD,995,English,Left-handed,34,Male,Asian,United States,United States,United States,English,No,Other
64878f5f3d329513f6848c1a,60469cfa17b0fd0dca2c2286,APPROVED,2023-06-12T21:34:35.258000Z,2023-06-12T21:52:47.596000Z,2023-06-12T23:58:41.464000,2023-06-12T21:52:48.141776Z,1093,CZELI6JD,361,English,Left-handed,26,Male,White,United States,United States,United States,English,No,Unemployed (and job seeking)
64878fe8362e3371b6760ef1,63f7811862c6df4e5438367d,APPROVED,2023-06-12T21:36:49.666000Z,2023-06-12T22:04:32.768000Z,2023-06-12T23:58:41.613000,2023-06-12T22:04:33.202056Z,1664,CZELI6JD,27,English,Left-handed,30,Male,White,United States,United States,United States,English,No,Full-Time
648791fe585adb2ec964db30,6478bc3b38c55f11fcabb089,APPROVED,2023-06-12T21:45:46.826000Z,2023-06-12T22:09:54.681000Z,2023-06-12T23:58:41.764000,2023-06-12T22:09:55.076549Z,1448,CZELI6JD,83,English,Left-handed,40,Male,White,United States,United States,United States,English,Yes,"Not in paid work (e.g. homemaker', 'retired or disabled)"
648792b980647a3821b52cb9,610acf76d33d448b391eb588,APPROVED,2023-06-12T21:48:45.792000Z,2023-06-12T22:07:04.240000Z,2023-06-12T23:58:41.912000,2023-06-12T22:07:04.712460Z,1099,CZELI6JD,994,English,Left-handed,21,Male,White,United States,United States,United States,English,Yes,Part-Time
648794a534f9ff8de238e733,5ec6df52f52d1111598b1221,APPROVED,2023-06-12T21:56:59.830000Z,2023-06-12T22:49:54.742000Z,2023-06-12T23:58:42.053000,2023-06-12T22:49:55.194472Z,3175,CZELI6JD,219,English,Ambidextrous,38,Male,White,United States,United States,United States,English,No,Unemployed (and job seeking)
648794cf2b5ed32c15ea7998,5ba6d507cf54e40001c45aaf,APPROVED,2023-06-12T21:57:56.348000Z,2023-06-12T22:29:26.628000Z,2023-06-12T23:58:42.204000,2023-06-12T22:29:49.471869Z,1891,CZELI6JD,1266,English,Ambidextrous,38,Male,Mixed,United States,United States,United States,English,No,Full-Time
64879806c86cd9861cecff48,63f77b9ca8439f6e1620c1cd,APPROVED,2023-06-12T22:11:34.352000Z,2023-06-12T22:33:29.761000Z,2023-06-12T23:58:42.337000,2023-06-12T22:33:30.234974Z,1316,CZELI6JD,578,English,Left-handed,37,Male,White,New Zealand,United States,United States,English,No,Full-Time
64879923ed88730c2d5d512e,60cef7be32400c5dd5a5a10f,APPROVED,2023-06-12T22:18:15.227000Z,2023-06-12T22:43:10.413000Z,2023-06-12T23:58:42.481000,2023-06-12T22:43:10.969385Z,1496,CZELI6JD,621,English,Left-handed,27,Male,White,United States,United States,United States,English,Yes,Full-Time
648799db30a627de34821680,5e2ef88b30c15c000bbfae06,APPROVED,2023-06-12T22:22:55.993000Z,2023-06-12T22:44:48.141000Z,2023-06-12T23:58:42.635000,2023-06-12T22:44:48.596592Z,1313,CZELI6JD,147,"Spanish, English",Left-handed,24,Female,White,United States,United States,United States,English,Yes,"Not in paid work (e.g. homemaker', 'retired or disabled)"
64879dfea6f0593a271510a8,5fc3442312bc5917b8341963,APPROVED,2023-06-12T22:37:03.656000Z,2023-06-12T23:06:40.223000Z,2023-06-12T23:58:42.783000,2023-06-12T23:06:40.661540Z,1777,CZELI6JD,1438,English,Left-handed,24,Male,Black,United States,United States,United States,English,No,Unemployed (and job seeking)
64879e36ef2470f79efa2419,5e9f324c7a996d0aa2ff651e,APPROVED,2023-06-12T22:37:46.927000Z,2023-06-12T22:56:17.925000Z,2023-06-12T23:58:42.920000,2023-06-12T22:56:20.403289Z,1111,CZELI6JD,676,English,Ambidextrous,29,Male,Mixed,United States,United States,United States,English,No,Due to start a new job within the next month
64879f579708138a0f34b270,628f9b391ab8b87c64643248,APPROVED,2023-06-12T22:42:37.171000Z,2023-06-12T23:19:09.991000Z,2023-06-12T23:58:43.067000,2023-06-12T23:19:10.429650Z,2193,NOCODE,687,English,Ambidextrous,29,Male,Black,Nigeria,United States,United States,English,No,Full-Time
6487a37954ca5bfdffcd295d,63179fe6d8b52834c9c8f5f7,APPROVED,2023-06-12T23:00:11.996000Z,2023-06-12T23:20:24.138000Z,2023-06-12T23:58:43.207000,2023-06-12T23:20:28.541094Z,1213,CZELI6JD,354,English,Left-handed,21,Male,White,United States,United States,United States,English,No,Full-Time
6487a4dae8f45f81d52ae5d7,60ffea6791b8a6fca294f97c,APPROVED,2023-06-12T23:06:07.056000Z,2023-06-12T23:24:24.722000Z,2023-06-12T23:58:43.353000,2023-06-12T23:24:30.122908Z,1098,CZELI6JD,603,English,Left-handed,19,Male,Mixed,United States,United States,United States,English,DATA_EXPIRED,DATA_EXPIRED
6487a5147d314fb7f18761de,633f03bb432dc8f74ab3a896,APPROVED,2023-06-12T23:07:04.406000Z,2023-06-12T23:28:56.882000Z,2023-06-12T23:58:01.323000,2023-06-12T23:28:57.332932Z,1313,CZELI6JD,985,"Spanish, English",Left-handed,37,Male,Other,United States,United States,United States,English,No,Full-Time
6487a708293c8dba2f9a898f,63f789b502d033e83fca7885,APPROVED,2023-06-12T23:15:27.477000Z,2023-06-13T00:28:53.229000Z,2023-06-13T00:58:01.896000,2023-06-13T00:28:53.824463Z,4406,CZELI6JD,136,English,Left-handed,31,Female,Black,DATA_EXPIRED,United States,United States,English,DATA_EXPIRED,DATA_EXPIRED
6487a77a095422511b34b2a3,5d15fedfa8eae10015738ed7,APPROVED,2023-06-12T23:17:16.795000Z,2023-06-12T23:36:45.494000Z,2023-06-12T23:58:43.498000,2023-06-12T23:36:45.959754Z,1169,CZELI6JD,734,English,Ambidextrous,24,Male,White,United States,United States,United States,English,Yes,Full-Time
6487a792ac66467d62c98ca7,5e9a753ccc244610ac6b0d87,APPROVED,2023-06-12T23:17:44.941000Z,2023-06-12T23:47:56.294000Z,2023-06-12T23:58:43.667000,2023-06-12T23:47:56.667657Z,1812,CZELI6JD,1394,English,Ambidextrous,33,Female,White,United States,United States,United States,English,No,Full-Time
6487abc9ca52c47dfd4967c7,5f4ee0e82f0d6c12d692c29b,RETURNED,2023-06-12T23:35:43.688000Z,2023-06-12T23:40:02.143000Z,,2023-06-12T23:40:03.952000Z,,CZELI6JD,1221,CONSENT_REVOKED,CONSENT_REVOKED,CONSENT_REVOKED,CONSENT_REVOKED,CONSENT_REVOKED,CONSENT_REVOKED,CONSENT_REVOKED,CONSENT_REVOKED,CONSENT_REVOKED,CONSENT_REVOKED,CONSENT_REVOKED
6487ad154d6549f40a800c44,5fbedb605c74b312137f371b,APPROVED,2023-06-12T23:41:09.290000Z,2023-06-12T23:59:52.056000Z,2023-06-13T00:58:02.042000,2023-06-12T23:59:52.437811Z,1123,CZELI6JD,675,English,Ambidextrous,31,Male,Asian,China,United States,United States,Vietnamese,No,Full-Time
6487af6d3579ded5c54d19a4,63e56678a87f209e2ca83059,APPROVED,2023-06-12T23:51:55.235000Z,2023-06-13T00:14:29.745000Z,2023-06-13T00:58:02.178000,2023-06-13T00:14:30.314740Z,1355,CZELI6JD,442,English,Left-handed,26,Female,White,United States,United States,United States,English,No,"Not in paid work (e.g. homemaker', 'retired or disabled)"
6487afab89beee1620f0838c,63d086f89f695e2d3c210e9f,APPROVED,2023-06-12T23:53:54.028000Z,2023-06-13T00:13:26.343000Z,2023-06-13T00:58:02.321000,2023-06-13T00:13:27.506396Z,1173,CZELI6JD,1017,"Chinese, English",Ambidextrous,18,Male,Asian,Canada,United States,United States,English,Yes,Part-Time
6487b5871f7a8edcf1cfd041,63d410114a361b7bee9c12b9,APPROVED,2023-06-13T00:17:22.102000Z,2023-06-13T00:38:10.591000Z,2023-06-13T00:58:02.464000,2023-06-13T00:38:11.059861Z,1249,CZELI6JD,507,English,Ambidextrous,36,Female,Black,United States,United States,United States,English,Yes,Full-Time
6487b786483515cffff0835c,60edac884fef13c0b0660daf,APPROVED,2023-06-13T00:25:46.928000Z,2023-06-13T00:49:44.522000Z,2023-06-13T00:58:02.600000,2023-06-13T00:49:45.186433Z,1438,CZELI6JD,663,English,Left-handed,38,Female,White,United States,United States,United States,English,No,Part-Time
6487b91b8008afb7fda493a4,642b42fc8858b97ac2975432,APPROVED,2023-06-13T00:34:51.336000Z,2023-06-13T00:55:01.970000Z,2023-06-13T00:58:02.738000,2023-06-13T00:55:02.813841Z,1211,CZELI6JD,90,"English, Spanish",Ambidextrous,18,Male,Mixed,United States,United States,United States,English,Yes,Unemployed (and job seeking)
6487b9b84fca468827b0472e,5c395df5f5ebd50001850900,APPROVED,2023-06-13T00:35:08.273000Z,2023-06-13T00:56:04.028000Z,2023-06-13T00:58:02.886000,2023-06-13T00:56:04.421050Z,1256,CZELI6JD,4591,"Chinese, English",Ambidextrous,28,Male,Asian,United States,United States,United States,Chinese,Yes,Part-Time
6487ba04df3a43f051cd3c01,641359eb0e2dc93999637e35,APPROVED,2023-06-13T00:36:26.441000Z,2023-06-13T01:21:22.327000Z,2023-06-13T03:23:03.275000,2023-06-13T01:21:22.734035Z,2696,CZELI6JD,710,"Chinese, English",Left-handed,38,Female,Mixed,United States,United States,United States,English,No,Full-Time
6487ba4b9c7ed4fcaa4d19c8,6469b26b2cf3b4b300c0cddc,APPROVED,2023-06-13T00:37:35.216000Z,2023-06-13T00:57:53.797000Z,2023-06-13T00:58:03.042000,2023-06-13T00:57:54.195147Z,1219,CZELI6JD,122,English,Left-handed,31,Male,White,Pakistan,United States,United States,English,No,Full-Time
6487bbb127e0667feac98cf0,5c7cf8b58ca9000001b52f6e,APPROVED,2023-06-13T00:43:42.834000Z,2023-06-13T01:04:28.302000Z,2023-06-13T01:07:45.456000,2023-06-13T01:04:28.728488Z,1246,CZELI6JD,3950,"English, Japanese",Left-handed,31,Male,White,United States,United States,United States,English,No,Full-Time
6487bcf776cbad9e6a104f0a,6236844dad7b8f69aad35b69,RETURNED,2023-06-13T00:49:00.311000Z,2023-06-13T00:50:49.821000Z,,2023-06-13T00:50:50.635000Z,,CZELI6JD,513,CONSENT_REVOKED,CONSENT_REVOKED,CONSENT_REVOKED,CONSENT_REVOKED,CONSENT_REVOKED,CONSENT_REVOKED,CONSENT_REVOKED,CONSENT_REVOKED,CONSENT_REVOKED,CONSENT_REVOKED,CONSENT_REVOKED
6487bd07b4b949f4246fb73f,614fe09fec9ce4a2a415476d,APPROVED,2023-06-13T00:49:14.077000Z,2023-06-13T01:49:57.713000Z,2023-06-13T03:23:03.478000,2023-06-13T01:49:58.111377Z,3644,CZELI6JD,773,"Danish, Dutch, English, German, Norwegian, Spanish, Swedish",Ambidextrous,40,Female,White,United States,United States,United States,English,No,Full-Time
6487c4621db91854411259ba,63e55f08844f6fb08115851f,APPROVED,2023-06-13T01:20:37.152000Z,2023-06-13T01:39:35.384000Z,2023-06-13T03:23:03.663000,2023-06-13T01:39:35.781854Z,1139,CZELI6JD,989,English,Ambidextrous,32,Male,White,United States,United States,United States,English,No,Full-Time
6487c56f58395a47299085b3,61098efe1c7dcf4133162908,APPROVED,2023-06-13T01:25:57.279000Z,2023-06-13T01:50:22.961000Z,2023-06-13T03:23:03.858000,2023-06-13T01:50:23.278483Z,1466,CZELI6JD,341,"English, Spanish",Left-handed,23,Female,Mixed,United States,United States,United States,English,DATA_EXPIRED,DATA_EXPIRED
6487c7093b1c5e69580c3228,63d40f21ea1c311723c7c847,APPROVED,2023-06-13T01:31:57.748000Z,2023-06-13T01:51:13.970000Z,2023-06-13T03:23:04.053000,2023-06-13T01:51:18.362795Z,1157,CZELI6JD,1158,English,Left-handed,32,Male,White,United States,United States,United States,English,No,Full-Time
6487cadb15e4ed75a71b1868,645baff202a9482deefafab3,APPROVED,2023-06-13T01:48:18.141000Z,2023-06-13T01:54:50.178000Z,2023-06-13T03:23:04.254000,2023-06-13T01:54:50.511207Z,393,CZELI6JD,48,English,Left-handed,38,Male,White,United States,United States,United States,English,No,Other
6487cbf490684742223bf5c3,641a604be613385009dd72db,APPROVED,2023-06-13T01:59:48.116000Z,2023-06-13T02:17:30.188000Z,2023-06-13T03:23:04.462000,2023-06-13T02:17:43.790300Z,1063,CZELI6JD,640,English,Left-handed,29,Male,Mixed,United States,United States,United States,English,No,Full-Time
6487cca1bc9041643aad18a7,6111997b776e4a117a04cccb,APPROVED,2023-06-13T01:55:50.100000Z,2023-06-13T02:21:46.732000Z,2023-06-13T03:23:04.648000,2023-06-13T02:21:47.129819Z,1557,CZELI6JD,212,"English, Spanish",Left-handed,24,Female,Other,Russian Federation,United States,United States,Spanish,No,DATA_EXPIRED
6487cd704e847463e3b66392,63d07155a81baf5108925992,APPROVED,2023-06-13T01:59:16.688000Z,2023-06-13T02:19:32.677000Z,2023-06-13T03:23:04.840000,2023-06-13T02:19:33.018001Z,1216,CZELI6JD,1118,"English, Vietnamese",Ambidextrous,35,Male,Asian,United States,United States,United States,English,Yes,Full-Time
6487ceb95cad11f9cd3ac205,63c3584c5e3d88814d1005ab,APPROVED,2023-06-13T02:04:46.527000Z,2023-06-13T02:35:55.540000Z,2023-06-13T03:23:05.043000,2023-06-13T02:35:56.100075Z,1870,CZELI6JD,917,English,Left-handed,37,Female,Black,United States,United States,United States,English,No,Full-Time
6487d1f8ff53ae6ce1f5627a,5c4db2cd430fb000014d1448,APPROVED,2023-06-13T02:18:38.950000Z,2023-06-13T02:43:51.203000Z,2023-06-13T03:23:05.251000,2023-06-13T02:44:01.429701Z,1513,CZELI6JD,225,English,Left-handed,25,Male,Black,United States,United States,United States,English,No,Unemployed (and job seeking)
6487d2c4f8ad9cc0bd104ef6,5e3db8f9456974000afeb855,APPROVED,2023-06-13T02:22:00.420000Z,2023-06-13T02:39:14.634000Z,2023-06-13T03:23:05.435000,2023-06-13T02:39:15.017470Z,1035,CZELI6JD,221,"English, Chinese",Ambidextrous,21,Female,Asian,United States,United States,United States,English,Yes,Part-Time
6487da5c8c289b218c3bf5fb,5de260b9553cee28d97b058d,APPROVED,2023-06-13T02:56:20.148000Z,2023-06-13T03:17:28.820000Z,2023-06-13T03:23:05.626000,2023-06-13T03:17:29.229190Z,1269,CZELI6JD,972,English,Left-handed,32,Male,White,United States,United States,United States,English,No,Full-Time
6487e1ad7b1c6d1a43b6637f,5d8a9a8714087d001898dbbf,APPROVED,2023-06-13T03:25:36.598000Z,2023-06-13T03:45:47.609000Z,2023-06-13T12:21:52.724000,2023-06-13T03:45:48.042067Z,1212,CZELI6JD,90,English,Left-handed,23,Female,Mixed,United States,United States,United States,English,Yes,Unemployed (and job seeking)
6487e471a045c5d5d6848c1f,63d3fec908b40217bbd48993,APPROVED,2023-06-13T03:37:28.091000Z,2023-06-13T04:17:12.584000Z,2023-06-13T12:21:52.871000,2023-06-13T04:17:12.962846Z,2385,CZELI6JD,972,English,Left-handed,34,Male,White,United States,United States,United States,English,No,Full-Time
6487e4b4f7ae6032d138e769,5efa98dd74af25000cdbbf43,APPROVED,2023-06-13T03:38:32.447000Z,2023-06-13T03:53:51.719000Z,2023-06-13T12:21:53.008000,2023-06-13T03:53:52.172046Z,920,CZELI6JD,1609,English,Ambidextrous,22,Male,White,United States,United States,United States,English,Yes,Part-Time
6487e55df56b0f082c125a13,63e52f8ab3688f45f842114c,APPROVED,2023-06-13T03:41:19.841000Z,2023-06-13T04:10:29.863000Z,2023-06-13T12:21:53.145000,2023-06-13T04:10:30.286817Z,1751,CZELI6JD,506,"English, Spanish",Ambidextrous,33,Male,Other,United States,United States,United States,English,No,DATA_EXPIRED
6487eca906e911558f4d19bb,5dea9f92c3aca11bffec8b7e,APPROVED,2023-06-13T04:12:47.941000Z,2023-06-13T04:30:40.042000Z,2023-06-13T12:21:53.301000,2023-06-13T04:32:40.883108Z,1073,CZELI6JD,1227,English,Ambidextrous,28,Male,White,United States,United States,United States,English,No,Full-Time
6487ecec8da1fabe2638e723,6324190c00acac6ac06d882b,APPROVED,2023-06-13T04:14:09.634000Z,2023-06-13T04:36:01.579000Z,2023-06-13T12:21:53.448000,2023-06-13T04:36:02.004614Z,1312,CZELI6JD,346,English,Ambidextrous,20,Female,White,United States,United States,United States,English,No,Due to start a new job within the next month
6487eddcd3e103fafe8b61e0,64017b47c83e917541f7c592,APPROVED,2023-06-13T04:17:38.172000Z,2023-06-13T04:43:05.694000Z,2023-06-13T12:21:53.576000,2023-06-13T04:43:06.143619Z,1528,CZELI6JD,440,"English, French",Left-handed,31,Female,Mixed,United States,United States,United States,English,No,Part-Time
6487f8144c475c955e8a5a9f,632b21ce03008aff6a4314b6,APPROVED,2023-06-13T05:01:12.518000Z,2023-06-13T05:35:36.527000Z,2023-06-13T12:21:54.055000,2023-06-13T05:35:37.091920Z,2065,CZELI6JD,234,English,Ambidextrous,31,Male,White,United States,United States,United States,English,DATA_EXPIRED,DATA_EXPIRED
64880200984f8185598761d6,5ece0f3693c34518cb5cbef5,APPROVED,2023-06-13T05:43:32.689000Z,2023-06-13T05:48:18.532000Z,2023-06-13T12:21:54.183000,2023-06-13T05:48:32.061924Z,286,CZELI6JD,2110,"English, Finnish",Ambidextrous,30,Female,White,Finland,United States,United States,Finnish,Yes,"Not in paid work (e.g. homemaker', 'retired or disabled)"
6488075d7dd561ac151510aa,63e538754c4b30560ca84884,APPROVED,2023-06-13T06:06:30.677000Z,2023-06-13T06:21:59.093000Z,2023-06-13T12:21:54.325000,2023-06-13T06:21:59.462762Z,929,CZELI6JD,85,English,Left-handed,30,Male,Mixed,United States,United States,United States,English,No,Full-Time
6488118878758f2ca5bf6c57,6441890f4ea5d3738776aff4,APPROVED,2023-06-13T06:56:49.913000Z,2023-06-13T07:24:48.349000Z,2023-06-13T12:21:54.482000,2023-06-13T07:24:49.068424Z,1679,CZELI6JD,309,English,Left-handed,29,Male,White,United States,United States,United States,English,No,Full-Time
648817e1f315d7a83792a1ca,63d40b7d3c7f92ff15ef6b67,APPROVED,2023-06-13T07:16:57.960000Z,2023-06-13T07:37:42.774000Z,2023-06-13T12:21:54.615000,2023-06-13T07:37:43.154279Z,1245,CZELI6JD,956,English,Left-handed,20,Female,Asian,United States,United States,United States,English,Yes,Part-Time
6488190334d4df287f4888b8,5e405a1cfce14d29997364da,APPROVED,2023-06-13T07:21:49.951000Z,2023-06-13T07:48:56.330000Z,2023-06-13T12:21:54.750000,2023-06-13T07:48:56.740839Z,1627,CZELI6JD,958,English,Ambidextrous,26,Male,Black,Ghana,United States,United States,English,No,Full-Time
64881cb38fc70bf74d34b28f,62b46cafda63e83d14eb4ec5,APPROVED,2023-06-13T07:37:28.141000Z,2023-06-13T08:00:56.300000Z,2023-06-13T12:21:54.884000,2023-06-13T08:00:56.709935Z,1409,CZELI6JD,350,English,Ambidextrous,30,Male,Black,Ghana,United States,United States,English,No,Full-Time
64881f3dbd5aedcf460c3216,5fbd948d22ebef1c398a8e8a,APPROVED,2023-06-13T07:48:25.235000Z,2023-06-13T08:15:59.159000Z,2023-06-13T12:21:55.013000,2023-06-13T08:15:59.645192Z,1654,CZELI6JD,25,English,Ambidextrous,34,Female,White,United States,United States,United States,English,No,Part-Time
6488230d6e6a53f8e4a8f563,5cbe2edd577eb000184124b9,APPROVED,2023-06-13T08:05:27.489000Z,2023-06-13T08:30:00.190000Z,2023-06-13T12:21:55.141000,2023-06-13T08:30:01.243291Z,1473,CZELI6JD,626,English,Left-handed,23,Female,Black,United States,United States,United States,English,No,DATA_EXPIRED
648825113c15ec1c93bf6c57,62bc3401dc67c7598dbba4a6,APPROVED,2023-06-13T08:14:07.216000Z,2023-06-13T08:33:35.199000Z,2023-06-13T12:21:55.271000,2023-06-13T08:33:35.630303Z,1168,CZELI6JD,351,English,Left-handed,30,Male,Black,United States,United States,United States,English,No,Full-Time
648857a033d9a035ac76f9ec,595727bd7c76640001aa8f6e,APPROVED,2023-06-13T11:48:54.189000Z,2023-06-13T11:57:46.692000Z,2023-06-13T12:21:55.410000,2023-06-13T11:57:47.146952Z,533,CZELI6JD,71,English,Left-handed,24,Female,Mixed,United States,United States,United States,English,No,Part-Time
64885e7f846601f0c052a30c,637e2af8fcc2c65c96d9e1a0,APPROVED,2023-06-13T12:19:53.516000Z,2023-06-13T12:49:41.898000Z,2023-06-13T16:34:02.501000,2023-06-13T12:49:44.654743Z,1789,CZELI6JD,156,English,Left-handed,22,Female,White,United States,United States,United States,English,DATA_EXPIRED,DATA_EXPIRED
6488660ba80f8a6a505c6c49,63f7e5adcf31a0af5e7da12f,APPROVED,2023-06-13T12:50:23.597000Z,2023-06-13T13:15:19.813000Z,2023-06-13T16:34:02.670000,2023-06-13T13:15:20.268453Z,1497,CZELI6JD,340,English,Ambidextrous,37,Male,White,United States,United States,United States,English,No,Full-Time
648866345b12557e89e88c54,62c61d523167ae5eafc98e6c,APPROVED,2023-06-13T12:51:47.607000Z,2023-06-13T13:15:27.775000Z,2023-06-13T16:34:02.801000,2023-06-13T13:15:28.258448Z,1421,CZELI6JD,1032,English,Left-handed,30,Male,White,United States,United States,United States,English,DATA_EXPIRED,Full-Time
64886b3febd7f50d32522a53,63cf4f4722d1c48cef8b0b10,APPROVED,2023-06-13T13:12:44.865000Z,2023-06-13T13:33:00.731000Z,2023-06-13T16:34:02.935000,2023-06-13T13:33:01.225804Z,1216,CZELI6JD,340,English,Ambidextrous,27,Male,White,United States,United States,United States,English,No,Full-Time
64886e2fb044cb24f4257f31,5ae2b45afef71c0001bea628,APPROVED,2023-06-13T13:25:51.143000Z,2023-06-13T13:50:39.713000Z,2023-06-13T16:34:03.071000,2023-06-13T13:50:40.081763Z,1489,CZELI6JD,337,English,Ambidextrous,31,Female,White,United States,United States,United States,English,No,Part-Time
64887206cbeb95191d750906,63c3164c08ff110d63b44dc6,APPROVED,2023-06-13T13:41:32.625000Z,2023-06-13T14:52:42.112000Z,2023-06-13T16:34:03.209000,2023-06-13T14:52:42.530131Z,4270,CZELI6JD,121,English,Left-handed,33,Male,White,United States,United States,United States,English,No,Full-Time
6488757e676a77a9fa52a33e,62853cad232ad9273433f22e,RETURNED,2023-06-13T13:56:20.179000Z,2023-06-13T14:00:30.279000Z,,2023-06-13T14:01:16.327925Z,,CZELI6JD,361,CONSENT_REVOKED,CONSENT_REVOKED,CONSENT_REVOKED,CONSENT_REVOKED,CONSENT_REVOKED,CONSENT_REVOKED,CONSENT_REVOKED,CONSENT_REVOKED,CONSENT_REVOKED,CONSENT_REVOKED,CONSENT_REVOKED
64887b8fc0980c4414687b2d,62913423a2eafb7ddd64d975,APPROVED,2023-06-13T14:22:15.882000Z,2023-06-13T14:41:16.377000Z,2023-06-13T16:34:03.342000,2023-06-13T14:41:16.903086Z,1141,CZELI6JD,158,"English, Hindi",Left-handed,20,Male,Asian,United States,United States,United States,English,DATA_EXPIRED,DATA_EXPIRED
64887be97888a5c66552a331,63383ce105061ac9c94a652a,APPROVED,2023-06-13T14:23:47.790000Z,2023-06-13T14:42:27.108000Z,2023-06-13T16:34:03.480000,2023-06-13T14:42:29.779682Z,1120,CZELI6JD,778,English,Left-handed,34,Male,White,United States,United States,United States,English,DATA_EXPIRED,Full-Time
648882db4f5ba669b26afc16,6165a8ee6dde7ff6f4b22e6f,APPROVED,2023-06-13T14:53:21.543000Z,2023-06-13T15:15:15.857000Z,2023-06-13T16:34:03.614000,2023-06-13T15:15:16.227315Z,1315,CZELI6JD,2024,English,Ambidextrous,33,Female,Black,United States,United States,United States,English,DATA_EXPIRED,DATA_EXPIRED
648886415ce5878a290da24d,63ced19b7422296653437e30,APPROVED,2023-06-13T15:13:32.921000Z,2023-06-13T16:08:11.517000Z,2023-06-13T16:34:03.750000,2023-06-13T16:08:11.884606Z,3279,CZELI6JD,849,"English, Spanish",Ambidextrous,34,Male,White,United States,United States,United States,English,No,Full-Time
6488870b64efba6ac1aca616,5cb50cffce95710018cc9c9e,APPROVED,2023-06-13T15:11:17.346000Z,2023-06-13T15:39:29.546000Z,2023-06-13T16:34:03.879000,2023-06-13T15:39:29.975352Z,1693,CZELI6JD,16,English,Left-handed,23,Female,Mixed,United States,United States,United States,English,No,Full-Time
6488889d2fed1eb713f5da48,5f7dd6ed4303f7000814dd3b,APPROVED,2023-06-13T15:17:53.040000Z,2023-06-13T15:37:24.980000Z,2023-06-13T16:34:04.010000,2023-06-13T15:37:25.426673Z,1172,CZELI6JD,2227,English,Left-handed,35,Female,White,United States,United States,United States,English,No,"Not in paid work (e.g. homemaker', 'retired or disabled)"
648888a6ce6d63bf9fdd4e78,61f2adfaa09e72f23cbaf9da,APPROVED,2023-06-13T15:18:06.106000Z,2023-06-13T15:44:48.808000Z,2023-06-13T16:34:04.142000,2023-06-13T15:44:51.034951Z,1603,CZELI6JD,593,English,Ambidextrous,29,Female,Black,United States,United States,United States,English,No,Full-Time
64888a3682eee960a5d92d41,63bdfe6a69fc4d15b3aec18d,APPROVED,2023-06-13T15:24:51.906000Z,2023-06-13T16:00:42.082000Z,2023-06-13T16:34:04.281000,2023-06-13T16:00:42.504768Z,2151,CZELI6JD,690,English,Left-handed,30,Male,White,United States,United States,United States,English,No,Full-Time
64888b4c919b7d3778f5da21,61592ea07347e286bca1955f,APPROVED,2023-06-13T15:29:20.449000Z,2023-06-13T15:50:53.071000Z,2023-06-13T16:34:04.423000,2023-06-13T15:50:59.413716Z,1293,CZELI6JD,1010,English,Ambidextrous,22,Female,Asian,China,United States,United States,English,No,Unemployed (and job seeking)
64889073da02b4c0919738a0,5af28311c36b060001f7f98d,APPROVED,2023-06-13T15:51:20.385000Z,2023-06-13T15:53:08.820000Z,2023-06-13T16:34:04.581000,2023-06-13T15:53:10.017783Z,109,CZELI6JD,171,English,Left-handed,38,Female,Black,United States,United States,United States,English,No,DATA_EXPIRED
648890a00eb46af9440caf36,629186f7e2f20297ead170be,APPROVED,2023-06-13T15:55:56.833000Z,2023-06-13T16:16:01.734000Z,2023-06-13T16:34:04.725000,2023-06-13T16:16:03.915420Z,1205,CZELI6JD,639,English,Left-handed,27,Male,White,United States,United States,United States,English,Yes,DATA_EXPIRED
6488919401001516aa1aa370,641361334c91a0c6ff4c5b79,APPROVED,2023-06-13T15:56:13.485000Z,2023-06-13T16:14:26.584000Z,2023-06-13T16:34:04.864000,2023-06-13T16:14:27.015386Z,1094,CZELI6JD,570,English,Left-handed,27,Male,White,United States,United States,United States,English,No,Full-Time
648891990eb644e33c9581c2,6332177870f40e88d0206f74,APPROVED,2023-06-13T15:56:14.014000Z,2023-06-13T16:16:27.372000Z,2023-06-13T16:34:05.008000,2023-06-13T16:16:32.635610Z,1214,CZELI6JD,133,English,Ambidextrous,35,Male,Asian,United States,United States,United States,English,DATA_EXPIRED,DATA_EXPIRED
648893892726fc7047555925,64010f32f8dee9772983c7cd,APPROVED,2023-06-13T16:04:28.985000Z,2023-06-13T16:28:54.136000Z,2023-06-20T14:55:02.694000Z,2023-06-13T16:28:55.190000Z,1466,CZELI6JD,491,English,Ambidextrous,27,Male,White,United States,United States,United States,English,Yes,Full-Time
64889c60d0689238a3ebe291,6338c289b6f1c7bdcef71166,APPROVED,2023-06-13T16:42:11.633000Z,2023-06-13T17:05:14.497000Z,2023-06-13T17:06:34.757000,2023-06-13T17:05:15.005040Z,1383,CZELI6JD,115,English,Left-handed,21,Male,White,United States,United States,United States,English,DATA_EXPIRED,DATA_EXPIRED
64889d4896369d4b9fc44457,5ec53ac5db44d64b617c1b97,APPROVED,2023-06-13T16:46:00.502000Z,2023-06-13T17:10:03.127000Z,2023-06-13T17:53:18.147000,2023-06-13T17:10:03.481057Z,1443,CZELI6JD,91,English,Left-handed,34,Female,White,United States,United States,United States,English,DATA_EXPIRED,DATA_EXPIRED
64889d6d23a23fcb71f8b70e,60fe1f142ea14f6f8d70e68d,APPROVED,2023-06-13T16:46:46.219000Z,2023-06-13T17:11:36.031000Z,2023-06-13T17:53:18.289000,2023-06-13T17:11:38.400271Z,1490,CZELI6JD,83,English,Left-handed,25,Female,White,United States,United States,United States,English,DATA_EXPIRED,DATA_EXPIRED
6488a22bc83d933264eba168,63f93d2de413ad49cf0dbff1,APPROVED,2023-06-13T17:06:56.501000Z,2023-06-13T17:29:34.241000Z,2023-06-13T17:53:18.425000,2023-06-13T17:29:36.396651Z,1358,CZELI6JD,462,English,Left-handed,30,Female,White,United States,United States,United States,English,No,Part-Time
6488b43ee4f58ed0c15cb8d0,5dfac1ba83907981767ce907,APPROVED,2023-06-13T18:25:48.223000Z,2023-06-13T18:50:53.852000Z,2023-06-15T21:46:18.347000,2023-06-13T18:50:54.246393Z,1506,CZELI6JD,997,English,Ambidextrous,31,Female,Mixed,United States,United States,United States,English,DATA_EXPIRED,DATA_EXPIRED
6488bda7983347a97839f6cb,60873d2ab16643e5a08cafd2,APPROVED,2023-06-13T19:04:10.486000Z,2023-06-13T19:46:57.333000Z,2023-06-15T21:46:18.483000,2023-06-13T19:46:57.781901Z,2567,CZELI6JD,980,English,Left-handed,31,Male,White,United States,United States,United States,English,No,Full-Time
6488bea9b28104ed9475090e,60f74d68056e79023b681952,APPROVED,2023-06-13T19:08:30.799000Z,2023-06-13T19:31:51.615000Z,2023-06-15T21:46:18.612000,2023-06-13T19:31:51.976271Z,1401,CZELI6JD,127,English,Left-handed,25,Female,White,United States,United States,United States,English,Yes,Full-Time
6488c2180d1168c2f9ebe275,5f1dc8e9a351ad07a95854c1,APPROVED,2023-06-13T19:23:27.327000Z,2023-06-13T19:40:13.190000Z,2023-06-15T21:46:18.743000,2023-06-13T19:40:13.650499Z,1006,CZELI6JD,459,"English, French, German",Ambidextrous,27,Male,White,United States,United States,United States,English,Yes,Part-Time
6488ddacb66ea86d67e88c18,5611f6dd7ffc8a00058117e7,APPROVED,2023-06-13T21:20:44.564000Z,2023-06-13T21:43:32.879000Z,2023-06-15T21:46:18.870000,2023-06-13T21:43:33.309374Z,1369,CZELI6JD,428,English,Left-handed,34,Male,White,United States,United States,United States,English,Yes,Unemployed (and job seeking)
6488deed8b992ec26a257f5d,5aa2ac74873cda00010d4bd2,RETURNED,2023-06-13T21:26:11.080000Z,2023-06-13T21:37:38.684000Z,,2023-06-13T21:37:39.322000Z,,CZELI6JD,991,CONSENT_REVOKED,CONSENT_REVOKED,CONSENT_REVOKED,CONSENT_REVOKED,CONSENT_REVOKED,CONSENT_REVOKED,CONSENT_REVOKED,CONSENT_REVOKED,CONSENT_REVOKED,CONSENT_REVOKED,CONSENT_REVOKED
6488e4a59a0405cc0547dc01,61009113cbe76c23b4a0800d,APPROVED,2023-06-13T21:50:36.408000Z,2023-06-13T22:04:02.131000Z,2023-06-15T21:46:18.995000,2023-06-13T22:04:02.552136Z,806,CZELI6JD,51,English,Ambidextrous,21,Female,White,United States,United States,United States,English,Yes,Unemployed (and job seeking)
6488e68882bb321685139cd1,63d18647419ae52f5e141607,APPROVED,2023-06-13T21:58:32.675000Z,2023-06-13T22:16:07.274000Z,2023-06-15T21:46:19.133000,2023-06-13T22:16:45.454500Z,1055,CZELI6JD,665,English,Ambidextrous,35,Male,Other,United States,United States,United States,English,No,Unemployed (and job seeking)
6488e6a41165565a2c257f59,6415b71b73e494b88ef767e0,APPROVED,2023-06-13T21:59:05.307000Z,2023-06-13T22:18:10.380000Z,2023-06-15T21:46:19.261000,2023-06-13T22:18:10.796091Z,1146,CZELI6JD,285,"English, Spanish, Tagalog-Filipino",Left-handed,27,Male,Asian,United States,United States,United States,English,No,Full-Time
6488e7030b8a429d7645d91f,62eaacea4ed738b3a35c0455,APPROVED,2023-06-13T22:00:43.835000Z,2023-06-13T22:25:57.657000Z,2023-06-15T21:46:19.393000,2023-06-13T22:25:58.086350Z,1514,NOCODE,374,English,Left-handed,31,Female,White,United States,United States,United States,English,No,Full-Time
6488f487e58c2ddfc0257f07,5c742339e621f900163f4543,APPROVED,2023-06-13T22:58:18.654000Z,2023-06-13T23:19:38.356000Z,2023-06-15T21:46:19.514000,2023-06-13T23:19:39.208914Z,1280,CZELI6JD,4095,English,Left-handed,40,Male,White,United States,United States,United States,English,No,Full-Time
6488f592dbf2a971d4fa93be,5c69bdaf81ea8900018aeccd,APPROVED,2023-06-13T23:02:47.935000Z,2023-06-13T23:21:47.233000Z,2023-06-15T21:46:19.634000,2023-06-13T23:21:50.296305Z,1140,CZELI6JD,179,English,Ambidextrous,25,Female,Mixed,United States,United States,United States,English,Yes,DATA_EXPIRED
6488f83460a72cd4d9c44448,60ea8e0a21b4d8ed9eddcc82,APPROVED,2023-06-13T23:13:59.661000Z,2023-06-13T23:31:22.688000Z,2023-06-15T21:46:19.757000,2023-06-13T23:31:23.092313Z,1044,CZELI6JD,220,"English, Spanish",Left-handed,25,Male,Other,United States,United States,United States,English,Yes,DATA_EXPIRED
648905495b898bd8456774e2,62e185484154c451882a8a3d,APPROVED,2023-06-14T00:10:01.856000Z,2023-06-14T00:26:06.599000Z,2023-06-15T21:46:19.886000,2023-06-14T00:26:07.079990Z,965,CZELI6JD,156,English,Left-handed,25,Male,White,United States,United States,United States,English,No,Full-Time
6489095a14a24eb9bc0e4bc6,63ebd1e66feb52fb3009c707,APPROVED,2023-06-14T00:27:11.540000Z,2023-06-14T00:43:31.720000Z,2023-06-15T21:46:20.012000,2023-06-14T00:43:32.168924Z,981,CZELI6JD,23,English,Left-handed,24,Male,Black,United States,United States,United States,English,No,Full-Time
64890c7c2170e249228087c6,63fac97f0d4e8f6bfd753d90,APPROVED,2023-06-14T00:40:31.662000Z,2023-06-14T00:57:41.847000Z,2023-06-15T21:46:20.153000,2023-06-14T00:57:42.231358Z,1031,CZELI6JD,573,English,Left-handed,28,Male,Mixed,United States,United States,United States,English,No,Full-Time
6489186a31c4b65aec55db2d,610093fb67a014f2230f77bb,APPROVED,2023-06-14T01:31:49.757000Z,2023-06-14T01:58:00.861000Z,2023-06-15T21:46:20.288000,2023-06-14T01:58:01.271237Z,1572,CZELI6JD,518,English,Ambidextrous,21,Female,Black,United States,United States,United States,English,No,Part-Time
64891fdf1ba937d9df5cb913,62a0b2f90e25677103262820,APPROVED,2023-06-14T02:03:14.064000Z,2023-06-14T02:27:10.552000Z,2023-06-15T21:46:20.418000,2023-06-14T02:27:10.942820Z,1437,CZELI6JD,332,English,Left-handed,25,Male,White,United States,United States,United States,English,No,Unemployed (and job seeking)
64892274bb8de233b063c16b,63d3fc20bb484480bed0228c,APPROVED,2023-06-14T02:14:18.230000Z,2023-06-14T02:50:44.436000Z,2023-06-15T21:46:20.544000,2023-06-14T02:50:44.816425Z,2187,CZELI6JD,47,English,Left-handed,21,Female,Black,United States,United States,United States,English,No,Unemployed (and job seeking)
648922b023d6c8f3860caf30,5fb2ce5316dfd3963b4be37c,APPROVED,2023-06-14T02:15:17.922000Z,2023-06-14T02:33:02.995000Z,2023-06-15T21:46:20.671000,2023-06-14T02:33:03.403752Z,1066,CZELI6JD,4,English,Left-handed,30,Male,Mixed,United States,United States,United States,English,DATA_EXPIRED,DATA_EXPIRED
648923ea250fc8e7475cb90d,5e730aa954a7b42617d99c5a,APPROVED,2023-06-14T02:20:29.760000Z,2023-06-14T02:39:45.130000Z,2023-06-15T21:46:20.794000,2023-06-14T02:39:45.554961Z,1156,CZELI6JD,642,English,Left-handed,26,Female,Black,United States,United States,United States,English,DATA_EXPIRED,DATA_EXPIRED
64892cd10aaf558ade1aa316,5e6ec2818808e6486e268039,RETURNED,2023-06-14T02:58:29.090000Z,2023-06-14T03:18:14.847000Z,,2023-06-14T03:19:49.616587Z,,CZELI6JD,364,CONSENT_REVOKED,CONSENT_REVOKED,CONSENT_REVOKED,CONSENT_REVOKED,CONSENT_REVOKED,CONSENT_REVOKED,CONSENT_REVOKED,CONSENT_REVOKED,CONSENT_REVOKED,CONSENT_REVOKED,CONSENT_REVOKED
648943c3606839f8cd35cdd6,63ea79021f0c43def6174042,APPROVED,2023-06-14T04:38:29.102000Z,2023-06-14T05:18:11.994000Z,2023-06-15T21:46:20.922000,2023-06-14T05:18:12.353496Z,2383,CZELI6JD,328,English,Ambidextrous,27,Male,White,United States,United States,United States,English,No,Unemployed (and job seeking)
64894c3dc5eb7464bcaca670,632245347d475b31018e889f,APPROVED,2023-06-14T05:12:32.249000Z,2023-06-14T05:15:01.059000Z,2023-06-15T21:46:21.050000,2023-06-14T05:15:04.012573Z,149,CZELI6JD,274,English,Left-handed,26,Male,White,United States,United States,United States,English,DATA_EXPIRED,DATA_EXPIRED
6489580cda49dc41d3dd4e4b,632e79f0df7174aeed22be38,APPROVED,2023-06-14T06:02:56.612000Z,2023-06-14T06:09:53.688000Z,2023-06-15T21:46:21.180000,2023-06-14T06:09:54.083894Z,418,CZELI6JD,229,English,Ambidextrous,33,Male,White,United States,United States,United States,English,No,"Not in paid work (e.g. homemaker', 'retired or disabled)"
6489a0efb13be07dbfa4989c,607f0b70818fde7990b3992d,APPROVED,2023-06-14T11:13:54.314000Z,2023-06-14T11:35:23.971000Z,2023-06-15T21:46:21.308000,2023-06-14T11:35:24.813439Z,1290,CZELI6JD,302,English,Left-handed,34,Male,White,United States,United States,United States,English,DATA_EXPIRED,DATA_EXPIRED
6489a8a6aa2b0eeb10860ca7,5c858ca8eceaa40001d3f488,APPROVED,2023-06-14T11:47:23.826000Z,2023-06-14T12:10:20.957000Z,2023-06-15T21:46:21.447000,2023-06-14T12:10:21.931784Z,1378,CZELI6JD,101,English,Ambidextrous,28,Female,Asian,Philippines,United States,United States,Tagalog-Filipino,Yes,Other
6489cd91ef62f6556fcac73e,6418be1071b8716c81dd6d03,APPROVED,2023-06-14T14:24:36.405000Z,2023-06-14T14:45:48.591000Z,2023-06-15T21:46:21.667000,2023-06-14T14:45:51.536195Z,1273,CZELI6JD,578,English,Left-handed,39,Male,White,United States,United States,United States,English,No,Full-Time
6489d7c37433971934289178,5d6472c63ca9fc00153d2ba4,APPROVED,2023-06-14T15:08:00.171000Z,2023-06-14T15:32:23.780000Z,2023-06-15T21:46:21.843000,2023-06-14T15:32:24.160163Z,1464,CZELI6JD,0,English,Left-handed,25,Male,White,United States,United States,United States,English,No,DATA_EXPIRED
6489eb62fae2e018e93ca480,60fd99228ede8e6e8c0a2411,APPROVED,2023-06-14T16:31:37.794000Z,2023-06-14T16:52:56.134000Z,2023-06-15T21:46:21.972000,2023-06-14T16:52:56.615553Z,1279,CZELI6JD,112,"English, Spanish, French",Left-handed,22,Female,White,United States,United States,United States,English,DATA_EXPIRED,DATA_EXPIRED
6489ef452b12d1338c7fe1b7,63f77ee4aa0961332b87fd0f,APPROVED,2023-06-14T16:48:11.874000Z,2023-06-14T17:09:28.598000Z,2023-06-15T21:46:22.103000,2023-06-14T17:09:31.001338Z,1277,CZELI6JD,842,"Russian, English",Left-handed,40,Female,White,Russian Federation,United States,United States,Russian,No,Full-Time
648a0198bbd5dd5fdd8691e1,5ed1cd25eb6dc1122dbd700f,APPROVED,2023-06-14T18:06:20.097000Z,2023-06-14T18:26:00.921000Z,2023-06-15T21:46:22.236000,2023-06-14T18:26:03.030986Z,1181,CZELI6JD,1571,"English, Portuguese, Spanish",Ambidextrous,32,Female,Black,United States,United States,United States,English,No,DATA_EXPIRED
648a0f56ddce997405cb6fc1,5a639a04c0d836000107b977,APPROVED,2023-06-14T19:05:07.414000Z,2023-06-14T19:27:52.541000Z,2023-06-15T21:46:22.360000,2023-06-14T19:27:53.222065Z,1366,CZELI6JD,672,English,Left-handed,40,Female,Black,United States,United States,United States,English,No,Full-Time
648a1ac0716281fbe6271c3e,64050ea342e8e84d43fa7bdf,APPROVED,2023-06-14T19:53:39.934000Z,2023-06-14T20:20:36.872000Z,2023-06-15T21:46:22.492000,2023-06-14T20:20:37.257284Z,1617,CZELI6JD,142,English,Left-handed,27,Male,White,United States,United States,United States,English,No,Unemployed (and job seeking)
648a2277907eaa175bc65e47,62029adcef1cb18a1337c71c,APPROVED,2023-06-14T20:26:35.277000Z,2023-06-14T20:46:37.029000Z,2023-06-15T21:46:22.620000,2023-06-14T20:46:37.460093Z,1202,CZELI6JD,335,English,Left-handed,24,Female,White,United States,United States,United States,English,DATA_EXPIRED,DATA_EXPIRED
648a2a71e60432418dbbabfb,5eea49c09e6f8711b4cdf3bb,APPROVED,2023-06-14T21:00:36.393000Z,2023-06-14T21:24:41.322000Z,2023-06-15T21:46:22.748000,2023-06-14T21:24:41.846512Z,1445,CZELI6JD,538,English,Left-handed,26,Male,White,United States,United States,United States,English,No,DATA_EXPIRED
648a45b167bfee0e13d5c70b,63ddc6baab6a2130b8a41bf7,RETURNED,2023-06-14T22:56:52.395000Z,2023-06-14T22:58:46.153000Z,,2023-06-14T22:58:46.797000Z,,CZELI6JD,1006,CONSENT_REVOKED,CONSENT_REVOKED,CONSENT_REVOKED,CONSENT_REVOKED,CONSENT_REVOKED,CONSENT_REVOKED,CONSENT_REVOKED,CONSENT_REVOKED,CONSENT_REVOKED,CONSENT_REVOKED,CONSENT_REVOKED
648a590f572d4b4d897202d3,63d8d641a5a265b01a28716c,APPROVED,2023-06-15T00:19:37.598000Z,2023-06-15T00:39:12.319000Z,2023-06-15T21:46:22.917000,2023-06-15T00:39:12.659912Z,1175,CZELI6JD,171,English,Ambidextrous,27,Female,White,United States,United States,United States,English,No,Unemployed (and job seeking)
648a63262d1e25ace0b658f7,5f8b4513fb7c7425abdbbb81,APPROVED,2023-06-15T01:02:35.067000Z,2023-06-15T01:42:03.987000Z,2023-06-15T21:46:23.064000,2023-06-15T01:42:04.383633Z,2369,CZELI6JD,181,English,Ambidextrous,39,Male,Mixed,United States,United States,United States,English,DATA_EXPIRED,Full-Time
648a6b7915334025d27fe1a7,63d6fd6a2ab6a0946433add6,APPROVED,2023-06-15T01:38:28.083000Z,2023-06-15T02:03:20.017000Z,2023-06-15T21:46:23.192000,2023-06-15T02:03:20.383458Z,1492,CZELI6JD,499,"English, Spanish",Ambidextrous,18,Male,Other,Mexico,United States,United States,English,Yes,Other
648a8692312c48409f1f31b7,5c588d147831040001973ab3,APPROVED,2023-06-15T03:33:42.082000Z,2023-06-15T03:57:40.485000Z,2023-06-15T21:46:23.318000,2023-06-15T03:57:41.761893Z,1439,CZELI6JD,409,English,Ambidextrous,24,Female,White,United States,United States,United States,English,Yes,Unemployed (and job seeking)
648a91660d3e5f9b34fb0d93,5ec599168c7fa65cabe8b5c7,APPROVED,2023-06-15T04:21:03.228000Z,2023-06-15T04:50:55.782000Z,2023-06-15T21:46:23.438000,2023-06-15T04:50:56.132366Z,1793,NOCODE,342,English,Ambidextrous,34,Female,White,United States,United States,United States,English,DATA_EXPIRED,DATA_EXPIRED
648a92e806eb0518f74c8265,60eb81e023788423a6ea43f9,RETURNED,2023-06-15T04:26:24.210000Z,2023-06-15T04:33:46.695000Z,,2023-06-15T04:33:47.361000Z,,CZELI6JD,187,CONSENT_REVOKED,CONSENT_REVOKED,CONSENT_REVOKED,CONSENT_REVOKED,CONSENT_REVOKED,CONSENT_REVOKED,CONSENT_REVOKED,CONSENT_REVOKED,CONSENT_REVOKED,CONSENT_REVOKED,CONSENT_REVOKED
648aac67c163859ffeabff23,5b393581c49ecb00010a6693,APPROVED,2023-06-15T06:15:21.573000Z,2023-06-15T06:34:15.022000Z,2023-06-15T21:46:23.561000,2023-06-15T06:34:16.033301Z,1134,CZELI6JD,243,English,Left-handed,22,Male,White,United States,United States,United States,English,No,Part-Time
648ab21d2925aef99526182b,5abd5f3b5cd105000161f167,APPROVED,2023-06-15T06:39:51.756000Z,2023-06-15T07:00:48.691000Z,2023-06-15T21:46:23.689000,2023-06-15T07:00:49.063034Z,1257,CZELI6JD,362,English,Left-handed,24,Male,White,United States,United States,United States,English,No,Full-Time
648af7da47dbe80ca22a79fd,5f117601aeef1d5095578b01,APPROVED,2023-06-15T11:37:48.535000Z,2023-06-15T12:03:09.421000Z,2023-06-15T21:46:23.816000,2023-06-15T12:03:10.080602Z,1521,CZELI6JD,11,English,Left-handed,36,Female,White,United States,United States,United States,English,DATA_EXPIRED,DATA_EXPIRED
648afb5adbb3b31a7fe389c8,5f93aff4d654c619d22b94b9,APPROVED,2023-06-15T11:51:57.791000Z,2023-06-15T12:13:55.565000Z,2023-06-15T21:46:23.955000,2023-06-15T12:13:56.118744Z,1318,CZELI6JD,732,English,Left-handed,32,Male,White,United States,United States,United States,English,No,Full-Time
648b0df92846f880448984a0,63d461ae668907ea6006f43f,APPROVED,2023-06-15T13:11:24.419000Z,2023-06-15T13:50:08.638000Z,2023-06-15T21:46:24.082000,2023-06-15T13:50:09.238798Z,2325,CZELI6JD,617,English,Ambidextrous,29,Male,White,United States,United States,United States,English,No,Full-Time
648b130de684b2cdd7a8a1d1,63d13b764f00a53476867c25,APPROVED,2023-06-15T13:33:04.398000Z,2023-06-15T13:49:16.903000Z,2023-06-15T21:46:24.216000,2023-06-15T13:49:17.412091Z,973,CZELI6JD,677,English,Left-handed,35,Male,Asian,United States,United States,United States,English,No,DATA_EXPIRED
648b15f3fa2db2bb68240c80,63ea54cae81a2baf10a14930,APPROVED,2023-06-15T13:45:26.252000Z,2023-06-15T13:59:16.253000Z,2023-06-15T21:46:24.349000,2023-06-15T13:59:22.119983Z,831,CZELI6JD,302,English,Left-handed,27,Female,White,United States,United States,United States,English,No,Part-Time
648b1dfb4a309a2c2dd40763,5f3c2648a9ef86a4c10de377,APPROVED,2023-06-15T14:26:24.233000Z,2023-06-15T14:55:29.767000Z,2023-06-15T21:46:24.489000,2023-06-15T14:55:30.245320Z,1746,CZELI6JD,1266,English,Left-handed,34,Male,White,United States,United States,United States,English,DATA_EXPIRED,DATA_EXPIRED
648b215411a6b3076089845d,5ee6be54321536000905346a,APPROVED,2023-06-15T14:34:40.941000Z,2023-06-15T14:56:52.793000Z,2023-06-15T21:46:24.612000,2023-06-15T14:56:53.282096Z,1332,CZELI6JD,1331,English,Ambidextrous,31,Female,Mixed,United States,United States,United States,English,No,Part-Time
648b2a1ec8bb3a95b8a39bf1,6111cbf1e5dffb55a8f70153,APPROVED,2023-06-15T15:11:35.358000Z,2023-06-15T15:33:57.555000Z,2023-06-15T21:46:24.735000,2023-06-15T15:33:58.223164Z,1343,CZELI6JD,698,English,Left-handed,24,Female,White,United States,United States,United States,English,DATA_EXPIRED,DATA_EXPIRED
648b2cfd5de3f37923bbc0fa,5dd2e29b2c5c102e6454227a,APPROVED,2023-06-15T15:23:51.624000Z,2023-06-15T15:41:01.896000Z,2023-06-15T21:46:24.884000,2023-06-15T15:41:05.978575Z,1031,CZELI6JD,1344,English,Ambidextrous,30,Female,White,United States,United States,United States,English,No,Full-Time
648b32e7be8802d8f3c2b0ad,5f985596be2ea910b23827ed,APPROVED,2023-06-15T15:48:57.721000Z,2023-06-15T16:49:52.928000Z,2023-06-15T21:46:25.025000,2023-06-15T16:50:08.705740Z,3656,CZELI6JD,2526,English,Left-handed,23,Male,Asian,Singapore,United States,United States,Chinese,Yes,Full-Time
648b3848bd451b4e4b7e9a80,6100fd9153a73727cf2edda8,APPROVED,2023-06-15T16:11:56.509000Z,2023-06-15T16:36:17.275000Z,2023-06-15T21:46:25.152000,2023-06-15T16:36:19.330700Z,1461,CZELI6JD,744,English,Left-handed,20,Female,Other,United States,United States,United States,English,Yes,Unemployed (and job seeking)
648b441549198e6e2eae1daa,63e51d228f42d1767efa8cbf,APPROVED,2023-06-15T17:02:17.804000Z,2023-06-15T17:05:04.356000Z,2023-06-15T21:46:25.597000,2023-06-15T17:05:04.822640Z,167,CZELI6JD,127,English,Ambidextrous,32,Male,White,United States,United States,United States,English,No,Full-Time
648b5f0dc098e3bb22e3c4b2,5b6cf2c61b61b60001bc0678,APPROVED,2023-06-15T18:57:21.540000Z,2023-06-15T19:19:38.825000Z,2023-06-15T21:46:25.731000,2023-06-15T19:19:52.896930Z,1338,CZELI6JD,954,English,Left-handed,24,Male,White,United States,United States,United States,English,No,DATA_EXPIRED
648b64d3d367b7d6291efe21,5ee93ab8a93d8b15baf72fc5,APPROVED,2023-06-15T19:21:59.211000Z,2023-06-15T19:46:57.522000Z,2023-06-15T21:46:25.854000,2023-06-15T19:46:58.019597Z,1499,CZELI6JD,1203,"English, Spanish",Left-handed,24,Female,White,United States,United States,United States,English,DATA_EXPIRED,DATA_EXPIRED
648b692606b6e3721c542ed8,6154b0b9c638eb2b8b147def,APPROVED,2023-06-15T19:40:28.336000Z,2023-06-15T20:08:30.477000Z,2023-06-15T21:46:25.981000,2023-06-15T20:08:31.302165Z,1683,CZELI6JD,489,English,Left-handed,35,Female,Black,United States,United States,United States,English,No,Full-Time
648b6de2a7946dab23c33cbd,5f07d4c092ba8742ace3d2de,APPROVED,2023-06-15T20:00:38.200000Z,2023-06-15T20:20:42.813000Z,2023-06-15T21:46:26.109000,2023-06-15T20:20:43.266928Z,1205,CZELI6JD,164,English,Ambidextrous,39,Female,White,United States,United States,United States,English,No,Unemployed (and job seeking)
648b8126ec4d334097b86572,5e126c25a98a7a8fab258f14,APPROVED,2023-06-15T21:22:49.656000Z,2023-06-15T21:43:50.364000Z,2023-06-15T21:46:26.245000,2023-06-15T21:43:55.225170Z,1261,CZELI6JD,496,English,Left-handed,22,Male,White,United States,United States,United States,English,Yes,Part-Time
648b9afb42036a4c20cad8e9,6400de8f305c51d03c2a9a0e,APPROVED,2023-06-15T23:13:03.459000Z,2023-06-15T23:38:35.760000Z,2023-06-16T00:13:10.148000,2023-06-15T23:38:36.226479Z,1533,CZELI6JD,376,English,Left-handed,37,Male,Other,United States,United States,United States,English,No,Full-Time
648ba11f57b3fad87bf7255f,5de8734b44b3127e513ae247,APPROVED,2023-06-15T23:39:15.209000Z,2023-06-15T23:57:26.560000Z,2023-06-16T00:13:10.293000,2023-06-15T23:57:27.355757Z,1092,CZELI6JD,1937,English,Left-handed,32,Female,White,United States,United States,United States,English,No,Full-Time
648bafd9d090893c9ec7408e,5bea1d914e38ca00014b399e,APPROVED,2023-06-16T00:42:04.959000Z,2023-06-16T01:00:53.170000Z,2023-06-16T14:39:20.789000,2023-06-16T01:00:53.640730Z,1129,CZELI6JD,160,English,Ambidextrous,27,Female,White,United States,United States,United States,English,No,Full-Time
648bbec275d09e4160a859ce,61114a817e2f468c9af43bba,APPROVED,2023-06-16T01:45:41.575000Z,2023-06-16T02:03:21.313000Z,2023-06-16T14:39:21.003000,2023-06-16T02:03:21.788642Z,1060,CZELI6JD,128,"English, Spanish",Left-handed,21,Female,Other,United States,United States,United States,Spanish,Yes,DATA_EXPIRED
648bcffdce1de5a8d8587ab9,6171f15c2b846b1f468a266e,APPROVED,2023-06-16T03:05:45.286000Z,2023-06-16T03:23:44.219000Z,2023-06-16T14:39:21.162000,2023-06-16T03:23:44.716750Z,1079,CZELI6JD,531,English,Left-handed,32,Male,White,United States,United States,United States,English,No,Full-Time
648bd880a2d03aeeda587af2,6103a781f654509f2e43ef13,APPROVED,2023-06-16T03:35:34.947000Z,2023-06-16T03:47:17.263000Z,2023-06-16T14:39:21.316000,2023-06-16T03:47:17.709639Z,703,CZELI6JD,213,"English, Spanish",Left-handed,26,Female,Other,United States,United States,United States,Spanish,No,DATA_EXPIRED
648be24e2bf36f60d96d49fc,60fe0a8295a33168e57c2073,APPROVED,2023-06-16T04:17:51.988000Z,2023-06-16T05:21:18.333000Z,2023-06-16T14:39:21.479000,2023-06-16T05:21:18.863832Z,3807,CZELI6JD,151,English,Left-handed,22,Female,Mixed,Japan,United States,United States,English,DATA_EXPIRED,DATA_EXPIRED
648c34a007fe30cde0835385,63eac31811a6da58d4f32d76,APPROVED,2023-06-16T10:08:36.100000Z,2023-06-16T10:24:57.660000Z,2023-06-16T14:39:21.639000,2023-06-16T10:24:58.823346Z,982,CZELI6JD,655,"English, Spanish",Ambidextrous,20,Male,White,United States,United States,United States,English,No,Unemployed (and job seeking)
648ca39a98c4fdc1f664aae0,6134eba70b3263b484d2b471,APPROVED,2023-06-16T18:02:09.594000Z,2023-06-16T18:34:52.233000Z,2023-06-18T18:32:33.585000,2023-06-16T18:34:52.727267Z,1963,CZELI6JD,56,English,Left-handed,20,Female,White,United States,United States,United States,English,Yes,Unemployed (and job seeking)
648ca4f1198a1109c82039ea,61005ada2ffbf75efed5deb5,APPROVED,2023-06-16T18:07:51.038000Z,2023-06-16T18:27:54.826000Z,2023-06-18T18:32:34.047000,2023-06-16T18:27:55.535568Z,1204,CZELI6JD,292,English,Ambidextrous,24,Female,White,United States,United States,United States,English,No,Full-Time
648cb49a0f0db67b8c224ce8,63f796a016e377d12cff50f1,APPROVED,2023-06-16T19:14:36.449000Z,2023-06-16T19:40:25.511000Z,2023-06-18T18:32:34.170000,2023-06-16T19:40:26.127523Z,1550,CZELI6JD,366,English,Ambidextrous,40,Female,White,United States,United States,United States,English,No,Full-Time
648ceb2bf981f5c4af01f22e,614e5f296503fcbc29f42b3a,APPROVED,2023-06-16T23:07:28.741000Z,2023-06-16T23:34:05.515000Z,2023-06-18T18:32:34.306000,2023-06-16T23:34:05.990654Z,1597,CZELI6JD,194,"English, Spanish",Left-handed,39,Male,Mixed,United States,United States,United States,Spanish,No,"Not in paid work (e.g. homemaker', 'retired or disabled)"
648d04846a69880e2801f22a,6100c17164f9f4c063f4d25f,APPROVED,2023-06-17T00:55:34.324000Z,2023-06-17T01:18:49.864000Z,2023-06-18T18:32:34.447000,2023-06-17T01:18:50.331287Z,1396,CZELI6JD,524,"English, Hindi",Left-handed,22,Female,Asian,United States,United States,United States,English,DATA_EXPIRED,DATA_EXPIRED
648d18a3d8ed4bd2f0735fa8,5de5a131676a6d531c75b6ab,APPROVED,2023-06-17T02:21:28.407000Z,2023-06-17T02:45:49.753000Z,2023-06-18T18:32:34.591000,2023-06-17T02:45:50.167172Z,1462,CZELI6JD,23,English,Ambidextrous,24,Male,White,United States,United States,United States,English,Yes,Unemployed (and job seeking)
648d2dfe53b751de81ef424c,5d5d6e95909e4c0001b12fe8,APPROVED,2023-06-17T03:52:32.939000Z,2023-06-17T04:11:12.298000Z,2023-06-18T18:32:34.716000,2023-06-17T04:11:12.709062Z,1120,CZELI6JD,353,English,Left-handed,25,Male,White,United States,United States,United States,English,Yes,Part-Time
648d5312efc8afa0db76e753,60f5d68c9b6838e7659f53af,APPROVED,2023-06-17T06:33:16.159000Z,2023-06-17T06:53:17.529000Z,2023-06-18T18:32:34.840000,2023-06-17T06:53:17.966616Z,1202,CZELI6JD,857,English,Ambidextrous,26,Male,Black,United States,United States,United States,English,No,Part-Time
648d8fac96535e08ec83f971,60d6562174087c2eccf2357f,APPROVED,2023-06-17T10:49:57.687000Z,2023-06-17T11:13:40.537000Z,2023-06-18T18:32:34.967000,2023-06-17T11:13:40.985863Z,1423,CZELI6JD,578,English,Left-handed,34,Male,White,United States,United States,United States,English,No,Full-Time
648d99e2e17fd531e86ac33b,63d79d065189719c8393e3eb,APPROVED,2023-06-17T11:32:55.724000Z,2023-06-17T11:53:56.343000Z,2023-06-18T18:32:35.092000,2023-06-17T11:53:56.829740Z,1261,CZELI6JD,27,English,Left-handed,19,Male,White,United States,United States,United States,English,Yes,Unemployed (and job seeking)
648e038148c98ffddb64a377,63e52dbdcdee07bcdb0e7da4,APPROVED,2023-06-17T19:03:44.225000Z,2023-06-17T19:27:47.518000Z,2023-06-18T18:32:35.218000,2023-06-17T19:27:48.098954Z,1444,NOCODE,306,English,Left-handed,23,Female,White,United States,United States,United States,English,No,Due to start a new job within the next month
648e03f4b49483193cdefa44,63b6cc23f13731158517f900,APPROVED,2023-06-17T19:05:27.950000Z,2023-06-17T19:24:51.328000Z,2023-06-18T18:32:35.348000,2023-06-17T19:24:53.119836Z,1164,CZELI6JD,690,English,Left-handed,39,Female,Black,United States,United States,United States,English,No,Full-Time
648e0432539ae81ea1537c32,61119018babf810c0cab7d3b,APPROVED,2023-06-17T19:06:32.543000Z,2023-06-17T19:34:50.177000Z,2023-06-18T18:32:35.488000,2023-06-17T19:34:50.727842Z,1698,CZELI6JD,736,English,Left-handed,26,Female,White,United States,United States,United States,English,No,Full-Time
648e423cc35fc0c640553e7b,63d4061bc9ec9cf926d6c9f7,APPROVED,2023-06-17T23:31:14.996000Z,2023-06-17T23:58:40.210000Z,2023-06-18T18:32:35.613000,2023-06-17T23:58:42.959631Z,1646,CZELI6JD,744,English,Left-handed,29,Female,White,United States,United States,United States,English,Yes,Part-Time
648e48a92965f9dc1083f999,5f110f4591d25946c7df1b87,APPROVED,2023-06-17T23:59:03.974000Z,2023-06-18T00:22:12.791000Z,2023-06-18T18:32:35.738000,2023-06-18T00:22:13.382187Z,1389,CZELI6JD,11,English,Left-handed,28,Male,White,United States,United States,United States,English,Yes,Full-Time
648e7e2b41ebe53277530087,5eeaff28cf5da71d691ef212,APPROVED,2023-06-18T03:46:54.341000Z,2023-06-18T04:08:11.455000Z,2023-06-18T18:32:35.862000,2023-06-18T04:08:11.947345Z,1278,CZELI6JD,1518,"Chinese, English",Left-handed,23,Male,Asian,United States,United States,United States,English,No,DATA_EXPIRED
648e85d0592ad22642461ce2,5f775d8ac99f3125e763b144,APPROVED,2023-06-18T04:19:32.937000Z,2023-06-18T04:36:45.933000Z,2023-06-18T18:32:35.987000,2023-06-18T04:36:46.396981Z,1033,CZELI6JD,245,English,Left-handed,25,Male,White,United States,United States,United States,English,No,Full-Time
648e8ff1f044861f73c893bf,628d62e2c99c773b217f1321,APPROVED,2023-06-18T05:02:58.422000Z,2023-06-18T05:20:50.339000Z,2023-06-18T18:32:36.124000,2023-06-18T05:20:50.785238Z,1072,CZELI6JD,1094,English,Left-handed,28,Male,White,United States,United States,United States,English,DATA_EXPIRED,DATA_EXPIRED
648ea8ee6b4f607d77fa307a,60fe78024bb07d7a327ec085,APPROVED,2023-06-18T06:49:22.222000Z,2023-06-18T07:11:34.305000Z,2023-06-18T18:32:36.262000,2023-06-18T07:11:34.829778Z,1333,CZELI6JD,903,English,Left-handed,30,Female,White,United States,United States,United States,English,Yes,Unemployed (and job seeking)
648eb8a23dcee19f11923b71,594425f07ccfd00001d3f462,APPROVED,2023-06-18T07:56:22.161000Z,2023-06-18T08:14:39.572000Z,2023-06-18T18:32:36.387000,2023-06-18T08:14:40.101673Z,1098,CZELI6JD,2756,English,Left-handed,27,Male,Black,United States,United States,United States,English,DATA_EXPIRED,DATA_EXPIRED
648eca3393897c89b4ef424e,6025322c854f3a000b5f39f4,APPROVED,2023-06-18T09:11:20.670000Z,2023-06-18T09:37:06.252000Z,2023-06-18T18:32:36.511000,2023-06-18T09:37:06.702716Z,1546,CZELI6JD,43,English,Left-handed,32,Female,White,United States,United States,United States,English,DATA_EXPIRED,DATA_EXPIRED
648f5dd7c75c926221083234,6091e1be3df7254e526f7168,APPROVED,2023-06-18T19:41:17.981000Z,2023-06-18T20:02:36.266000Z,2023-06-20T14:53:55.721000,2023-06-18T20:02:37.593716Z,1279,CZELI6JD,184,English,Left-handed,21,Male,Mixed,United States,United States,United States,English,DATA_EXPIRED,DATA_EXPIRED
648f656c8c85e5322b553e84,6400d8f868ce6e7f35955276,APPROVED,2023-06-18T20:13:35.672000Z,2023-06-18T20:16:52.601000Z,2023-06-20T14:53:55.884000,2023-06-18T20:16:53.124051Z,197,CZELI6JD,9,English,Left-handed,19,Male,Black,United States,United States,United States,English,Yes,Other
648f7201498fe4c925537c00,5ea9cb32040c211222bcbb69,APPROVED,2023-06-18T21:07:21.288000Z,2023-06-18T21:39:52.953000Z,2023-06-20T14:53:56.023000,2023-06-18T21:39:53.448311Z,1952,CZELI6JD,38,English,Ambidextrous,34,Female,Black,United States,United States,United States,English,No,DATA_EXPIRED
648fd501d33263de8d461ca1,6153b5513ccada2d35fae508,APPROVED,2023-06-19T04:09:42.658000Z,2023-06-19T04:46:49.267000Z,2023-06-20T14:53:56.164000,2023-06-19T04:46:49.746082Z,2227,CZELI6JD,1607,English,Left-handed,32,Male,White,Germany,United States,United States,English,Yes,Full-Time
648fdbd43c9b766f41defa05,63d2f3294efc674f84b302d2,APPROVED,2023-06-19T04:38:47.278000Z,2023-06-19T04:58:22.275000Z,2023-06-20T14:53:56.306000,2023-06-19T04:58:23.046342Z,1175,CZELI6JD,259,English,Ambidextrous,26,Male,Other,United States,United States,United States,English,No,Full-Time
648fea9c14cebd2cb0105218,5fde9d8446872e61791b82c7,APPROVED,2023-06-19T05:42:14.060000Z,2023-06-19T06:07:27.449000Z,2023-06-20T14:53:56.440000,2023-06-19T06:07:28.206688Z,1514,CZELI6JD,372,"English, Spanish",Ambidextrous,29,Male,White,United States,United States,United States,Spanish,DATA_EXPIRED,DATA_EXPIRED
648ff7524f06b7c282553e7c,5f6f28ca6df91347f156ad9a,APPROVED,2023-06-19T06:36:24.525000Z,2023-06-19T06:55:20.716000Z,2023-06-20T14:53:56.575000,2023-06-19T06:55:21.171761Z,1137,CZELI6JD,301,English,Left-handed,30,Female,White,United States,United States,United States,English,No,DATA_EXPIRED
6490534936c98e547f68d3e3,6361769fee0c219b0f1cc480,APPROVED,2023-06-19T13:09:38.194000Z,2023-06-19T13:32:53.590000Z,2023-06-20T14:53:56.713000,2023-06-19T13:32:54.062497Z,1396,CZELI6JD,231,English,Ambidextrous,34,Male,White,United States,United States,United States,English,Yes,Full-Time
64905804d83ba9b0981660b7,5eb2134abde80d38a869a0a3,APPROVED,2023-06-19T13:28:39.283000Z,2023-06-19T13:52:20.977000Z,2023-06-20T14:53:56.863000,2023-06-19T13:52:21.566490Z,1422,CZELI6JD,271,English,Left-handed,38,Female,White,United States,United States,United States,English,DATA_EXPIRED,DATA_EXPIRED
6490606a7f258e937e5b1e23,611112142433b5e95c84acd9,APPROVED,2023-06-19T14:05:44.974000Z,2023-06-19T14:26:35.847000Z,2023-06-20T14:53:57.013000,2023-06-19T14:26:41.458940Z,1251,CZELI6JD,910,English,Left-handed,28,Female,White,United States,United States,United States,English,No,Full-Time
64907c861c538f852a05742c,6400f212a7bd9c7c5ab1cc25,APPROVED,2023-06-19T16:04:26.374000Z,2023-06-19T16:23:39.841000Z,2023-06-20T14:53:57.177000,2023-06-19T16:23:40.275201Z,1154,CZELI6JD,203,English,Left-handed,34,Female,White,United States,United States,United States,English,No,Full-Time
6490b12c29b97bc51c8fb2db,631a114b543a75e72096fc17,APPROVED,2023-06-19T19:49:05.761000Z,2023-06-19T20:13:20.109000Z,2023-06-20T14:53:57.327000,2023-06-19T20:13:24.732151Z,1455,CZELI6JD,327,English,Left-handed,39,Male,White,United States,United States,United States,English,DATA_EXPIRED,DATA_EXPIRED
6490c106f015413a2197f7c0,60fc2f923851f117e21b878f,APPROVED,2023-06-19T20:56:41.610000Z,2023-06-19T21:17:21.124000Z,2023-06-20T14:53:57.474000,2023-06-19T21:17:21.564666Z,1240,CZELI6JD,71,English,Left-handed,21,Female,White,United States,United States,United States,English,Yes,Part-Time
6490cbe164d2ae82d7b7c2e8,5ec06f59c4ceb1481f225bbd,APPROVED,2023-06-19T21:43:00.298000Z,2023-06-19T21:58:44.293000Z,2023-06-20T14:53:57.622000,2023-06-19T21:58:44.738357Z,944,CZELI6JD,1021,"English, Spanish",Left-handed,21,Female,White,United States,United States,United States,English,Yes,DATA_EXPIRED
6490cd0d906dafde44585156,641b1fcd7275677c08982bae,APPROVED,2023-06-19T21:48:02.741000Z,2023-06-19T22:10:36.758000Z,2023-06-20T14:53:57.765000,2023-06-19T22:11:27.143674Z,1355,CZELI6JD,200,English,Left-handed,24,Male,White,United States,United States,United States,English,No,Full-Time
6490d189a2aee24382553060,5c28884289f035000174bfbe,APPROVED,2023-06-19T22:07:09.610000Z,2023-06-19T22:35:28.785000Z,2023-06-20T14:53:57.913000,2023-06-19T22:35:29.252778Z,1700,CZELI6JD,550,English,Left-handed,26,Female,Other,United States,United States,United States,English,No,Unemployed (and job seeking)
6490f24502b19f600575900b,61005b49f8382e2e24f00ef0,APPROVED,2023-06-20T00:27:08.813000Z,2023-06-20T00:44:00.583000Z,2023-06-20T14:53:58.065000,2023-06-20T00:44:01.162856Z,1012,CZELI6JD,1364,English,Left-handed,33,Female,White,United States,United States,United States,English,No,Full-Time
64913786a17e0fa971c5957b,5fc0c49264908d09e94c8cd7,APPROVED,2023-06-20T05:29:50.288000Z,2023-06-20T05:58:46.302000Z,2023-06-20T14:53:58.209000,2023-06-20T05:58:46.806925Z,1737,CZELI6JD,1108,English,Ambidextrous,38,Female,White,United States,United States,United States,English,DATA_EXPIRED,DATA_EXPIRED
649178b1e8413284aebd7c16,63d13f2f59ef764f641406dd,APPROVED,2023-06-20T10:00:24.191000Z,2023-06-20T10:37:27.797000Z,2023-06-20T14:53:58.351000,2023-06-20T10:37:28.712143Z,2224,NOCODE,32,English,Ambidextrous,27,Male,White,United States,United States,United States,English,Yes,Part-Time
6491f16ae08ae0bba33afbdc,6478dddd683cc5f4a550775f,APPROVED,2023-06-20T18:35:35.111000Z,2023-06-20T19:03:53.695000Z,2023-06-21T18:21:31.139000,2023-06-20T19:03:54.199096Z,1699,CZELI6JD,32,English,Left-handed,28,Female,White,United States,United States,United States,English,No,Unemployed (and job seeking)
6491f8760d738fb96e9b4887,604ece0ddcb93c1afcda5601,APPROVED,2023-06-20T19:05:31.693000Z,2023-06-20T19:40:56.008000Z,2023-06-21T18:21:31.285000,2023-06-20T19:40:56.514529Z,2125,CZELI6JD,92,English,Left-handed,23,Female,Other,United States,United States,United States,English,Yes,Part-Time
64920b251fa136c2eaa4ae63,60fb0deb007dc3a640662150,APPROVED,2023-06-20T20:25:14.586000Z,2023-06-20T20:44:23.395000Z,2023-06-21T18:21:31.413000,2023-06-20T20:44:23.948914Z,1149,CZELI6JD,554,English,Ambidextrous,20,Female,White,United States,United States,United States,English,DATA_EXPIRED,DATA_EXPIRED
64924c178896856124e2df9b,5732a7595bb657000f727f02,APPROVED,2023-06-21T01:02:24.945000Z,2023-06-21T01:20:28.068000Z,2023-06-21T18:21:31.542000,2023-06-21T01:20:28.521489Z,1084,CZELI6JD,514,English,Left-handed,22,Male,White,United States,United States,United States,English,DATA_EXPIRED,DATA_EXPIRED
64924e064d8e04d7963495eb,5c086d3d3be61100011a694d,APPROVED,2023-06-21T01:11:29.971000Z,2023-06-21T01:35:15.055000Z,2023-06-21T18:21:31.672000,2023-06-21T01:35:15.595134Z,1426,CZELI6JD,685,English,Left-handed,29,Female,White,United States,United States,United States,English,No,Full-Time
6492d4ef8d509431a7e2587d,63136313a568ce59fb97feb9,APPROVED,2023-06-21T10:46:12.153000Z,2023-06-21T11:09:44.667000Z,2023-06-21T18:21:31.803000,2023-06-21T11:09:45.475085Z,1413,CZELI6JD,295,"Spanish, English",Left-handed,33,Male,White,United States,United States,United States,English,No,"Not in paid work (e.g. homemaker', 'retired or disabled)"
6492e6aaac69492b9147cd09,642b4867b32407dbdd61737e,APPROVED,2023-06-21T12:01:48.736000Z,2023-06-21T12:21:59.574000Z,2023-06-21T18:21:31.928000,2023-06-21T12:22:02.579760Z,1211,CZELI6JD,165,English,Left-handed,21,Male,Black,United States,United States,United States,English,No,Other
