Submission id,Participant id,Status,Started at,Completed at,Reviewed at,Archived at,Time taken,Completion code,Total approvals,Fluent languages,Handedness,Age,Sex,Ethnicity simplified,Country of birth,Country of residence,Nationality,Language,Student status,Employment status
639a0ac3aae726a4ddac842e,5f289485f876761d798df65c,APPROVED,2022-12-14T17:41:25.521000Z,2022-12-14T17:52:51.620000Z,2022-12-14T23:16:54.932,2022-12-14T17:52:52.404482Z,687,CZELI6JD,542,English,Right-handed,31,Female,White,United States,United States,United States,English,DATA_EXPIRED,DATA_EXPIRED
639a1261e15f9e8132bd7efa,5607080ed7def20012b733c3,APPROVED,2022-12-14T18:13:59.955000Z,2022-12-14T18:27:25.366000Z,2022-12-14T23:16:55.031,2022-12-14T18:27:25.751700Z,806,CZELI6JD,590,English,Right-handed,28,Female,White,United States,United States,United States,English,Yes,DATA_EXPIRED
639a13bbe5ad56b7fbafe6aa,5fdd6ae284b3a9449c87a064,APPROVED,2022-12-14T18:19:42.949000Z,2022-12-14T18:30:15.372000Z,2022-12-14T23:16:55.126,2022-12-14T18:30:15.769866Z,633,CZELI6JD,995,English,Right-handed,33,Female,Asian,United States,United States,United States,English,DATA_EXPIRED,Unemployed (and job seeking)
639a160c65cb21f1d92693a8,610810c0356aacedc8cbc6f0,APPROVED,2022-12-14T18:29:37.526000Z,2022-12-14T18:41:38.848000Z,2022-12-14T23:16:55.226,2022-12-14T18:41:39.262282Z,722,CZELI6JD,274,"English, Spanish",Right-handed,30,Female,White,United States,United States,United States,English,DATA_EXPIRED,DATA_EXPIRED
639a1683dce9a31f7a714091,610810dfb6e2212896f5d084,APPROVED,2022-12-14T18:31:36.162000Z,2022-12-14T18:43:19.630000Z,2022-12-14T23:16:55.322,2022-12-14T18:43:20.301918Z,704,CZELI6JD,161,English,Right-handed,19,Male,White,United States,United States,United States,English,DATA_EXPIRED,DATA_EXPIRED
639a1755621c0cd8af12e76e,5a78dbb9ae9a0b0001a97212,APPROVED,2022-12-14T18:35:05.742000Z,2022-12-14T18:47:42.557000Z,2022-12-14T23:16:55.420,2022-12-14T18:47:42.941889Z,757,CZELI6JD,2524,English,Right-handed,35,Male,White,United States,United States,United States,English,DATA_EXPIRED,DATA_EXPIRED
639a179b32377da43281aeb2,610969a2d61be5c3ba90fa9e,APPROVED,2022-12-14T18:36:15.432000Z,2022-12-14T18:50:55.144000Z,2022-12-14T23:16:55.735,2022-12-14T18:50:55.482609Z,880,CZELI6JD,124,English,Right-handed,22,Female,White,United States,United States,United States,English,Yes,Due to start a new job within the next month
639a1acf76a7d5167a67c8fc,5c3a925919ceb400010c9344,APPROVED,2022-12-14T18:49:52.806000Z,2022-12-14T18:59:06.490000Z,2022-12-14T23:16:55.830,2022-12-14T18:59:06.828831Z,554,CZELI6JD,277,English,Right-handed,22,Male,White,United States,United States,United States,English,Yes,Other
639a1b3960b3ce08c5ecbcad,5ba854ed7c0ebe0001272f2d,APPROVED,2022-12-14T18:51:40.475000Z,2022-12-14T19:06:42.251000Z,2022-12-14T23:16:55.930,2022-12-14T19:06:42.629357Z,902,CZELI6JD,227,"English, Russian",Right-handed,32,Male,White,Russian Federation,United States,United States,Russian,No,DATA_EXPIRED
639a1b66ccac229ff794bfed,6290d05992a97c47797f9de3,APPROVED,2022-12-14T18:52:25.754000Z,2022-12-14T19:03:37.137000Z,2022-12-14T23:16:56.040,2022-12-14T19:03:37.776037Z,672,CZELI6JD,1221,English,Right-handed,40,Male,Mixed,United States,United States,United States,English,DATA_EXPIRED,DATA_EXPIRED
639a1b8c544ccc19b9190cda,56a40b90582971000c7b49b7,APPROVED,2022-12-14T19:00:18.578000Z,2022-12-14T19:43:32.639000Z,2022-12-14T23:16:56.141,2022-12-14T19:43:33.026744Z,2595,CZELI6JD,2685,English,Right-handed,36,Male,Asian,United States,United States,United States,English,DATA_EXPIRED,DATA_EXPIRED
639a1ba1ee133ad8d69b03cc,5c9ebf067114700016da2813,APPROVED,2022-12-14T18:53:23.843000Z,2022-12-14T19:11:18.283000Z,2022-12-14T23:16:56.244,2022-12-14T19:11:23.649021Z,1075,CZELI6JD,2181,"English, Spanish",Right-handed,31,Male,Other,United States,United States,United States,Spanish,No,Part-Time
639a1c30c695425071170981,5aee59100ccc2e000185937c,APPROVED,2022-12-14T18:55:50.454000Z,2022-12-14T19:18:45.804000Z,2022-12-14T23:16:56.346,2022-12-14T19:18:46.433857Z,1376,CZELI6JD,951,English,Right-handed,35,Male,White,United States,United States,United States,English,No,Part-Time
639a1c514d8b86dc5e6d9475,5df180b59b92b1098c0d5818,APPROVED,2022-12-14T18:56:27.174000Z,2022-12-14T19:12:20.727000Z,2022-12-14T23:16:56.452,2022-12-14T19:12:21.084732Z,954,CZELI6JD,875,English,Right-handed,37,Female,White,United States,United States,United States,English,DATA_EXPIRED,DATA_EXPIRED
639a1c52a1939fa6a2ecbc80,60feeffdd94575eb62a4e011,APPROVED,2022-12-14T18:56:22.579000Z,2022-12-14T19:08:25.838000Z,2022-12-14T23:16:56.560,2022-12-14T19:08:28.582429Z,724,CZELI6JD,331,English,Right-handed,21,Female,White,United States,United States,United States,English,Yes,Other
639a1c59ac4d276d2baf4937,63180ae1ae5d3ee3257d1e9e,APPROVED,2022-12-14T18:56:28.249000Z,2022-12-14T19:06:16.581000Z,2022-12-14T23:16:56.672,2022-12-14T19:06:16.997022Z,589,CZELI6JD,406,English,Right-handed,23,Male,Mixed,United States,United States,United States,English,Yes,Other
639a1c6198318f7e728356f0,5f4fd146ee39f70f490889c9,APPROVED,2022-12-14T18:56:33.765000Z,2022-12-14T19:14:09.324000Z,2022-12-14T23:16:56.778,2022-12-14T19:14:10.195404Z,1056,CZELI6JD,1628,English,Right-handed,24,Male,White,United States,United States,United States,English,DATA_EXPIRED,DATA_EXPIRED
639a1ce3522f06bb59317e84,5d63867550d0dd0017805976,APPROVED,2022-12-14T18:58:48.451000Z,2022-12-14T19:14:53.511000Z,2022-12-14T23:16:56.884,2022-12-14T19:14:53.843206Z,966,CZELI6JD,3262,English,Right-handed,39,Male,White,United States,United States,United States,English,No,DATA_EXPIRED
639a1d3bcb7334b83eac842a,60e9b19b0104bf65f6a92237,APPROVED,2022-12-14T19:00:17.691000Z,2022-12-14T19:12:35.499000Z,2022-12-14T23:16:56.986,2022-12-14T19:12:35.948448Z,738,CZELI6JD,48,English,Right-handed,20,Female,Mixed,United States,United States,United States,English,Yes,Part-Time
639a1d542b565c9096afe6b4,5eca8de81197051fa92b5a6a,APPROVED,2022-12-14T19:00:40.658000Z,2022-12-14T19:12:10.232000Z,2022-12-14T23:16:57.092,2022-12-14T19:12:11.823664Z,690,CZELI6JD,1081,English,Right-handed,34,Female,White,United States,United States,United States,English,No,Other
639a1d5e1968d63967bfc340,5fd15934025b991384ef1116,APPROVED,2022-12-14T19:01:14.840000Z,2022-12-14T19:13:59.905000Z,2022-12-14T23:16:57.192,2022-12-14T19:14:00.780575Z,766,CZELI6JD,985,English,Right-handed,37,Male,White,United States,United States,United States,English,DATA_EXPIRED,Due to start a new job within the next month
639a1ddc5c05a39e5cc06651,62d6e24cf74647ef51a16300,APPROVED,2022-12-14T19:02:55.858000Z,2022-12-14T19:13:11.481000Z,2022-12-14T23:16:57.295,2022-12-14T19:13:11.880670Z,616,CZELI6JD,389,English,Right-handed,31,Male,White,United States,United States,United States,English,No,Full-Time
639a1df2cda1329465f64edd,5d17a2c94d7eea00170c3aca,APPROVED,2022-12-14T19:03:16.317000Z,2022-12-14T19:12:37.926000Z,2022-12-14T23:16:57.396,2022-12-14T19:12:38.366409Z,562,CZELI6JD,537,English,Right-handed,25,Male,Mixed,United States,United States,United States,English,No,Full-Time
639a1e27bb7d1ea0afa078d1,5f6d0c1efaad4d16c44fdd6d,APPROVED,2022-12-14T19:04:12.157000Z,2022-12-14T19:14:59.098000Z,2022-12-14T23:16:57.497,2022-12-14T19:14:59.461984Z,647,NOCODE,407,English,Right-handed,24,Female,Other,United States,United States,United States,English,Yes,Unemployed (and job seeking)
639a1eb39a6c65b1d56a2878,6122db5a591eaf8ee07cf3d0,APPROVED,2022-12-14T19:06:32.585000Z,2022-12-14T19:25:24.540000Z,2022-12-14T23:16:57.600,2022-12-14T19:25:24.988321Z,1132,CZELI6JD,48,English,Right-handed,23,Male,White,United States,United States,United States,English,DATA_EXPIRED,DATA_EXPIRED
639a1ef38df2d5329d1b58cb,6340d2fa46f2d707e146b63b,APPROVED,2022-12-14T19:07:48.784000Z,2022-12-14T19:19:08.102000Z,2022-12-14T23:16:57.709,2022-12-14T19:19:08.603107Z,680,CZELI6JD,242,English,Right-handed,23,Male,Other,United States,United States,United States,English,No,DATA_EXPIRED
639a1ef749f2635f59e1dac5,5d193535601cd70017727028,APPROVED,2022-12-14T19:07:57.630000Z,2022-12-14T19:22:03.456000Z,2022-12-14T23:16:57.818,2022-12-14T19:22:03.929482Z,846,CZELI6JD,499,English,Right-handed,37,Female,White,United States,United States,United States,English,No,Unemployed (and job seeking)
639a1f6c0c51b23c4259130e,636bd30e14a5a0787697f56b,APPROVED,2022-12-14T19:09:35.960000Z,2022-12-14T19:22:39.539000Z,2022-12-14T23:16:57.935,2022-12-14T19:22:39.926003Z,784,CZELI6JD,266,"English, Other",Right-handed,30,Female,White,United States,United States,United States,English,No,Part-Time
639a1f800c51b23c42591312,613461a8b9035cf9b29ad84d,APPROVED,2022-12-14T19:09:54.972000Z,2022-12-14T19:22:08.676000Z,2022-12-14T23:16:58.066,2022-12-14T19:22:09.135247Z,734,CZELI6JD,1186,English,Right-handed,20,Male,White,United States,United States,United States,English,No,Unemployed (and job seeking)
639a1f81b6299c60fbab358f,61087e4fc006ee7d6be38641,APPROVED,2022-12-14T19:09:56.730000Z,2022-12-14T19:33:06.821000Z,2022-12-14T23:16:58.181,2022-12-14T19:33:08.012084Z,1391,CZELI6JD,2673,"English, Portuguese",Right-handed,28,Male,White,United States,United States,United States,English,No,Full-Time
639a1fc7b8638514eb2d4e86,6298dd311a003b986813851b,APPROVED,2022-12-14T19:11:06.887000Z,2022-12-14T19:23:54.565000Z,2022-12-14T23:16:58.283,2022-12-14T19:23:58.120571Z,768,CZELI6JD,1004,English,Right-handed,40,Male,White,United States,United States,United States,English,No,DATA_EXPIRED
639a1fe8b1b3af4b62d91ceb,5f7adf44d2ddfa74d5019c3d,APPROVED,2022-12-14T19:11:41.727000Z,2022-12-14T19:23:28.948000Z,2022-12-14T23:16:58.387,2022-12-14T19:23:30.395694Z,708,CZELI6JD,1339,English,Right-handed,33,Male,Mixed,United States,United States,United States,English,DATA_EXPIRED,Full-Time
639a20010ff576cec7cb6f0e,6298df7da7b45df1b730d3aa,APPROVED,2022-12-14T19:12:05.712000Z,2022-12-14T19:28:47.705000Z,2022-12-14T23:16:58.491,2022-12-14T19:28:48.116247Z,1002,CZELI6JD,995,English,Right-handed,21,Male,White,United States,United States,United States,English,Yes,Part-Time
639a20361a11228fb1ab355b,59b0106d834a170001d6061c,RETURNED,2022-12-14T19:18:59.189000Z,2022-12-14T19:31:51.190000Z,,2022-12-14T19:31:51.585000Z,,CZELI6JD,2872,,Right-handed,,,,,,,,,
639a20ca15c393205c77a6cd,5e38e79295ff561112eae457,APPROVED,2022-12-14T19:15:25.309000Z,2022-12-14T19:41:10.367000Z,2022-12-14T23:16:58.588,2022-12-14T19:41:10.732260Z,1546,CZELI6JD,2730,English,Right-handed,37,Male,White,United States,United States,United States,English,No,DATA_EXPIRED
639a20cb4cbe99f710d91cbb,60f39f67a5c2c9e50ce470ee,APPROVED,2022-12-14T19:15:25.986000Z,2022-12-14T19:28:48.515000Z,2022-12-14T23:16:58.692,2022-12-14T19:28:48.859176Z,803,CZELI6JD,793,English,Right-handed,35,Female,White,United States,United States,United States,English,No,Full-Time
639a20d144db23d3fbe0a137,616faf3ab8c53e7a73a5dea5,APPROVED,2022-12-14T19:15:32.609000Z,2022-12-14T19:29:33.399000Z,2022-12-14T23:16:58.794,2022-12-14T19:29:33.776350Z,841,CZELI6JD,1527,English,Right-handed,22,Female,White,United States,United States,United States,English,No,Unemployed (and job seeking)
639a20e7cb30588e2abd7ed8,614d465852620924f85603c8,APPROVED,2022-12-14T19:15:51.275000Z,2022-12-14T19:46:16.807000Z,2022-12-14T23:16:58.922,2022-12-14T19:46:17.111973Z,1826,CZELI6JD,1061,English,Right-handed,35,Female,Black,United States,United States,United States,English,DATA_EXPIRED,DATA_EXPIRED
639a210e5c09a2d786e0db24,629753864174e42d30576cf8,APPROVED,2022-12-14T19:16:33.228000Z,2022-12-14T19:26:07.279000Z,2022-12-14T23:16:59.039,2022-12-14T19:26:07.624754Z,575,CZELI6JD,499,English,Right-handed,21,Male,White,United States,United States,United States,English,No,Unemployed (and job seeking)
639a21184f659eb60bd02e2d,62b17a23f40c54a776801476,APPROVED,2022-12-14T19:16:42.498000Z,2022-12-14T19:26:41.227000Z,2022-12-14T23:16:59.141,2022-12-14T19:26:41.635838Z,599,CZELI6JD,970,"English, Tagalog-Filipino",Right-handed,31,Male,Asian,Philippines,United States,United States,English,No,DATA_EXPIRED
639a213dc4a52104695f3e6c,5ac6ca185cd105000162499d,APPROVED,2022-12-14T19:17:22.747000Z,2022-12-14T19:30:31.551000Z,2022-12-14T23:16:59.244,2022-12-14T19:30:33.215694Z,789,CZELI6JD,1788,English,Right-handed,33,Female,White,United States,United States,United States,English,DATA_EXPIRED,DATA_EXPIRED
639a21600968714e8c256685,5eebe4e6e61002183aec9b70,APPROVED,2022-12-14T19:17:54.492000Z,2022-12-14T19:29:04.773000Z,2022-12-14T23:16:59.344,2022-12-14T19:29:05.250999Z,671,CZELI6JD,1166,English,Right-handed,25,Male,White,United States,United States,United States,English,DATA_EXPIRED,DATA_EXPIRED
639a216015f8b70dd06d9430,5e7d09e7f0a5a00c4a1ccf96,APPROVED,2022-12-14T19:17:55.136000Z,2022-12-14T19:27:52.686000Z,2022-12-14T23:16:59.440,2022-12-14T19:27:53.045788Z,598,CZELI6JD,866,English,Right-handed,23,Female,White,United States,United States,United States,English,Yes,Part-Time
639a21778f93ae1d3dab3520,631bcfaa7faf35d3abb91cbc,APPROVED,2022-12-14T19:18:17.733000Z,2022-12-14T19:29:42.895000Z,2022-12-14T23:16:59.550,2022-12-14T19:29:43.302944Z,686,CZELI6JD,511,English,Right-handed,36,Male,White,United States,United States,United States,English,No,Full-Time
639a21984f659eb60bd02e38,615d0be013a41d01a6cace87,APPROVED,2022-12-14T19:18:51.453000Z,2022-12-14T19:30:41.297000Z,2022-12-14T23:16:59.653,2022-12-14T19:30:41.719478Z,710,CZELI6JD,401,English,Right-handed,19,Female,White,United States,United States,United States,English,Yes,"Not in paid work (e.g. homemaker', 'retired or disabled)"
639a2198bffadd9116ab353e,5d269fedf6dec40019b87a59,APPROVED,2022-12-14T19:18:50.867000Z,2022-12-14T19:40:13.424000Z,2022-12-14T23:16:59.765,2022-12-14T19:40:18.137832Z,1283,CZELI6JD,2391,English,Right-handed,36,Male,Other,United States,United States,United States,English,No,Full-Time
639a21ae6c736c2fc9abb6c5,59014ee029f42300013cc5b7,APPROVED,2022-12-14T19:19:17.750000Z,2022-12-14T19:32:18.656000Z,2022-12-14T23:16:59.873,2022-12-14T19:32:20.180022Z,781,CZELI6JD,1002,English,Right-handed,35,Female,White,United States,United States,United States,English,No,Other
639a21d5f74eeb18f659bc2a,6110d2e3247a4ddc7c440cc5,APPROVED,2022-12-14T19:19:53.161000Z,2022-12-14T19:32:26.960000Z,2022-12-14T23:16:59.970,2022-12-14T19:32:27.303051Z,754,CZELI6JD,232,English,Right-handed,20,Female,White,United States,United States,United States,English,Yes,Part-Time
639a21f6e73a6316f93c06bf,5da360b12e89480010ef417a,APPROVED,2022-12-14T19:20:26.323000Z,2022-12-14T19:31:29.795000Z,2022-12-14T23:17:00.069,2022-12-14T19:31:30.225363Z,664,CZELI6JD,1464,English,Right-handed,21,Male,White,United States,United States,United States,English,Yes,Full-Time
639a2204df8e13f58812e7cc,5feff5d30ad48b39d17b9c25,APPROVED,2022-12-14T19:20:39.501000Z,2022-12-14T19:43:50.188000Z,2022-12-14T23:17:00.167,2022-12-14T19:43:50.886908Z,1391,CZELI6JD,1410,English,Right-handed,34,Female,Black,United States,United States,United States,English,DATA_EXPIRED,DATA_EXPIRED
639a2208b963c6e9f44e7f56,62cd8af88ff531583cbd24a9,APPROVED,2022-12-14T19:20:42.417000Z,2022-12-14T19:35:39.174000Z,2022-12-14T23:17:00.267,2022-12-14T19:35:39.544312Z,897,CZELI6JD,324,English,Right-handed,23,Female,White,United States,United States,United States,English,No,Full-Time
639a220d1f020ae2f14e7f60,59d662aa0c0c7100015b9af6,APPROVED,2022-12-14T19:20:47.267000Z,2022-12-14T19:51:03.385000Z,2022-12-14T23:17:00.362,2022-12-14T19:51:11.370426Z,1817,CZELI6JD,4010,English,Right-handed,40,Male,Asian,United States,United States,United States,English,No,Full-Time
639a22161e79983399f318be,5aa3609e6475f90001a04905,APPROVED,2022-12-14T19:20:58.113000Z,2022-12-14T19:31:11.826000Z,2022-12-14T23:17:00.455,2022-12-14T19:31:12.195310Z,614,CZELI6JD,1174,English,Right-handed,26,Male,White,United States,United States,United States,English,DATA_EXPIRED,DATA_EXPIRED
639a223a53794731699fad66,5ea3694d838a642e5790ec0a,APPROVED,2022-12-14T19:21:34.131000Z,2022-12-14T19:35:49.961000Z,2022-12-14T23:17:00.555,2022-12-14T19:35:50.457932Z,856,CZELI6JD,2296,English,Right-handed,20,Female,White,United States,United States,United States,English,No,Unemployed (and job seeking)
639a223eaf9e66eb76ecbcaa,61004e962509f21ce295df3d,APPROVED,2022-12-14T19:21:36.181000Z,2022-12-14T19:39:56.374000Z,2022-12-14T23:17:00.651,2022-12-14T19:39:59.109224Z,1101,CZELI6JD,1428,"English, Korean",Right-handed,25,Female,Asian,United States,United States,United States,Korean,No,Unemployed (and job seeking)
639a226205c8fbc45d6a2853,5c060efc891bb4000121c377,APPROVED,2022-12-14T19:22:12.694000Z,2022-12-14T19:32:30.179000Z,2022-12-14T23:17:00.752,2022-12-14T19:32:30.916676Z,618,CZELI6JD,3322,English,Right-handed,40,Male,White,United States,United States,United States,English,DATA_EXPIRED,DATA_EXPIRED
639a2267a339450ee75f3e31,62977ce96efd80b585b2d75d,APPROVED,2022-12-14T19:22:18.148000Z,2022-12-14T19:33:02.910000Z,2022-12-14T23:17:00.855,2022-12-14T19:33:03.337106Z,645,CZELI6JD,871,English,Right-handed,27,Female,White,United States,United States,United States,English,DATA_EXPIRED,DATA_EXPIRED
639a22719b639a34e49b0364,5cfb5233df7d70001619ca90,APPROVED,2022-12-14T19:22:29.246000Z,2022-12-14T19:43:23.349000Z,2022-12-14T23:17:00.949,2022-12-14T19:43:23.702918Z,1255,NOCODE,1773,English,Right-handed,25,Male,White,United States,United States,United States,English,DATA_EXPIRED,DATA_EXPIRED
639a2281522f06bb59317f1a,628dec55823f672331c68577,APPROVED,2022-12-14T19:22:42.938000Z,2022-12-14T19:33:31.792000Z,2022-12-14T23:17:01.063,2022-12-14T19:33:32.164631Z,649,CZELI6JD,284,English,Right-handed,23,Male,Black,United States,United States,United States,English,DATA_EXPIRED,DATA_EXPIRED
639a2282f4c52150bee0db0f,61097e0464a4a922602d495b,APPROVED,2022-12-14T19:22:44.933000Z,2022-12-14T19:33:08.062000Z,2022-12-14T23:17:01.167,2022-12-14T19:33:08.728926Z,624,CZELI6JD,839,English,Right-handed,22,Female,White,United States,United States,United States,English,Yes,Due to start a new job within the next month
639a229f2cde9eb4c1f318d1,612274842d4805447451f87b,APPROVED,2022-12-14T19:23:15.130000Z,2022-12-14T19:36:38.261000Z,2022-12-14T23:17:01.269,2022-12-14T19:36:42.151240Z,804,CZELI6JD,720,English,Right-handed,28,Female,Black,United States,United States,United States,English,Yes,Unemployed (and job seeking)
639a22a5718ec2b805e0db14,56e2d87a0756b2000da6303d,APPROVED,2022-12-14T19:23:20.794000Z,2022-12-14T19:37:41.262000Z,2022-12-14T23:17:01.370,2022-12-14T19:37:41.785849Z,861,CZELI6JD,1107,English,Right-handed,30,Male,White,United States,United States,United States,English,No,Full-Time
639a22af2445f4fbd82693a5,5bc151ece6491a00013a21f3,RETURNED,2022-12-14T19:29:28.484000Z,2022-12-14T19:38:58.435000Z,,2022-12-14T19:38:58.920000Z,,CZELI6JD,1172,CONSENT_REVOKED,CONSENT_REVOKED,CONSENT_REVOKED,CONSENT_REVOKED,CONSENT_REVOKED,CONSENT_REVOKED,CONSENT_REVOKED,CONSENT_REVOKED,CONSENT_REVOKED,CONSENT_REVOKED,CONSENT_REVOKED
639a22ba283f9923ffac844e,6111c4865701e1ba367af3e3,APPROVED,2022-12-14T19:23:42.037000Z,2022-12-14T19:34:03.264000Z,2022-12-14T23:17:01.465,2022-12-14T19:34:04.169295Z,622,CZELI6JD,2223,English,Right-handed,24,Female,White,United States,United States,United States,English,No,DATA_EXPIRED
639a22c5f45936be041b5924,59598e604c20120001517c99,APPROVED,2022-12-14T19:32:24.838000Z,2022-12-14T19:50:44.738000Z,2022-12-14T23:17:01.571,2022-12-14T19:50:45.170983Z,1100,CZELI6JD,408,English,Right-handed,39,Male,White,Canada,United States,United States,English,Yes,Full-Time
639a22c9ac9b7ea02c81cbb7,566a19b57da035000fb39b89,APPROVED,2022-12-14T19:23:56.755000Z,2022-12-14T19:32:20.644000Z,2022-12-14T23:17:01.675,2022-12-14T19:32:21.005078Z,504,CZELI6JD,4142,"English, Chinese",Right-handed,34,Male,Asian,United States,United States,United States,English,No,Full-Time
639a2318ae5e13dd7167c90f,5e7b9a17aa127708ed804d16,RETURNED,2022-12-14T19:25:15.117000Z,2022-12-14T19:29:07.613000Z,,2022-12-14T19:29:08.712000Z,,CZELI6JD,2845,CONSENT_REVOKED,CONSENT_REVOKED,CONSENT_REVOKED,CONSENT_REVOKED,CONSENT_REVOKED,CONSENT_REVOKED,CONSENT_REVOKED,CONSENT_REVOKED,CONSENT_REVOKED,CONSENT_REVOKED,CONSENT_REVOKED
639a2321cb30588e2abd7f01,5c64189eede39b0001c39e61,APPROVED,2022-12-14T19:25:25.165000Z,2022-12-14T19:39:52.909000Z,2022-12-14T23:17:01.770,2022-12-14T19:39:54.082972Z,868,CZELI6JD,578,"Spanish, English",Right-handed,35,Male,Other,United States,United States,United States,Spanish,No,DATA_EXPIRED
639a232a12f3578a6bafe68f,558955ebfdf99b6bd06016c9,APPROVED,2022-12-14T19:25:33.493000Z,2022-12-14T19:34:44.839000Z,2022-12-14T23:17:01.867,2022-12-14T19:34:45.221780Z,552,CZELI6JD,2158,English,Right-handed,32,Male,White,United States,United States,United States,English,No,Full-Time
639a2334c7d6e22a40eae7da,5d4b265b72db9d0015e8aac6,APPROVED,2022-12-14T19:25:43.294000Z,2022-12-14T19:40:02.014000Z,2022-12-14T23:17:01.963,2022-12-14T19:40:03.832494Z,859,CZELI6JD,2092,English,Right-handed,30,Male,White,United States,United States,United States,English,No,Other
639a23398a685669d87140af,5dee896cf87f5552d3cd6502,APPROVED,2022-12-14T19:25:55.936000Z,2022-12-14T19:39:33.986000Z,2022-12-14T23:17:02.075,2022-12-14T19:39:34.315330Z,819,CZELI6JD,1080,English,Right-handed,36,Male,White,United States,United States,United States,English,DATA_EXPIRED,DATA_EXPIRED
639a2349283f9923ffac845a,5d1ba5653788ac0019ced548,APPROVED,2022-12-14T19:26:06.001000Z,2022-12-14T19:55:46.230000Z,2022-12-14T23:17:02.198,2022-12-14T19:55:46.895555Z,1781,CZELI6JD,2477,"Spanish, English",Right-handed,39,Female,Other,United States,United States,United States,English,DATA_EXPIRED,DATA_EXPIRED
639a237b7021dc5264abb69c,56fc4404f758b80010affdbb,APPROVED,2022-12-14T19:28:13.525000Z,2022-12-14T19:47:52.509000Z,2022-12-14T23:17:02.304,2022-12-14T19:47:53.176441Z,1179,CZELI6JD,381,English,Right-handed,30,Male,Black,United States,United States,United States,English,No,Unemployed (and job seeking)
639a238005c8fbc45d6a2868,583c47973f1540000163f02b,APPROVED,2022-12-14T19:27:00.087000Z,2022-12-14T19:41:15.323000Z,2022-12-14T23:17:02.404,2022-12-14T19:41:18.519006Z,856,CZELI6JD,790,English,Right-handed,35,Male,White,United States,United States,United States,English,No,Part-Time
639a2391edc083f4989b0376,5e6813ada1c2de09bc51d9b2,APPROVED,2022-12-14T19:27:20.911000Z,2022-12-14T19:42:21.475000Z,2022-12-14T23:17:02.498,2022-12-14T19:42:21.923553Z,901,CZELI6JD,1729,English,Right-handed,39,Male,White,United States,United States,United States,English,No,"Not in paid work (e.g. homemaker', 'retired or disabled)"
639a23a8b59634665694bfed,55c43918fdf99b080551e044,APPROVED,2022-12-14T19:27:40.255000Z,2022-12-14T19:41:16.937000Z,2022-12-14T23:17:02.600,2022-12-14T19:41:17.487117Z,817,CZELI6JD,3880,English,Right-handed,34,Male,Asian,United States,United States,United States,English,No,Other
639a23c9f37981f93eafe63c,570b7b5fb9b52b00102d96f9,APPROVED,2022-12-14T19:28:09.541000Z,2022-12-14T19:37:49.899000Z,2022-12-14T23:17:02.707,2022-12-14T19:37:50.231327Z,581,CZELI6JD,2469,English,Right-handed,35,Female,White,United States,United States,United States,English,DATA_EXPIRED,DATA_EXPIRED
639a23e1e54e84dcc5e0a14a,611bd6da73757bf5ad0ced0a,APPROVED,2022-12-14T19:28:36.205000Z,2022-12-14T19:40:37.801000Z,2022-12-14T23:17:02.808,2022-12-14T19:40:38.151603Z,722,CZELI6JD,921,English,Right-handed,30,Female,White,United States,United States,United States,English,DATA_EXPIRED,Full-Time
639a23e52217b5ed213c0685,5df15bc3361a8506b94f79ed,APPROVED,2022-12-14T19:28:40.640000Z,2022-12-14T19:46:44.182000Z,2022-12-14T23:17:02.907,2022-12-14T19:46:44.569652Z,1084,CZELI6JD,3184,"Italian, Portuguese, Norwegian, Spanish, English",Right-handed,34,Male,Mixed,Brazil,United States,United States,English,Yes,Full-Time
639a23e73bb742de8d03c9f5,5d859977611c9700152f11a1,APPROVED,2022-12-14T19:28:41.801000Z,2022-12-14T19:41:48.714000Z,2022-12-14T23:17:03.008,2022-12-14T19:41:49.678451Z,787,CZELI6JD,232,English,Right-handed,29,Male,White,United States,United States,United States,English,No,Due to start a new job within the next month
639a23e79bf428f979eae7f6,61108719ddb956bd0e94733d,APPROVED,2022-12-14T19:28:42.218000Z,2022-12-14T19:43:03.710000Z,2022-12-14T23:17:03.107,2022-12-14T19:43:04.144331Z,862,CZELI6JD,1223,English,Right-handed,30,Female,Mixed,United States,United States,United States,English,DATA_EXPIRED,DATA_EXPIRED
639a23feb1be461bee6b878a,60132d398c19b319aacdbbb2,APPROVED,2022-12-14T19:29:11.325000Z,2022-12-14T19:36:28.202000Z,2022-12-14T23:17:03.204,2022-12-14T19:36:31.617276Z,437,CZELI6JD,183,English,Right-handed,27,Male,White,United States,United States,United States,English,DATA_EXPIRED,DATA_EXPIRED
639a240320cb95abd8684eae,5e0d6dee4f40fb4f60fc0494,APPROVED,2022-12-14T19:37:21.456000Z,2022-12-14T19:54:49.409000Z,2022-12-14T23:17:03.516,2022-12-14T19:54:50.757229Z,1048,CZELI6JD,1514,English,Right-handed,30,Female,Black,United States,United States,United States,English,DATA_EXPIRED,DATA_EXPIRED
639a2405da1be52544ac8422,634694a1401b066cb71e4c82,APPROVED,2022-12-14T19:29:53.974000Z,2022-12-14T19:51:38.087000Z,2022-12-14T23:17:03.616,2022-12-14T19:51:44.521281Z,1305,CZELI6JD,63,English,Right-handed,33,Prefer not to say,White,United States,United States,United States,English,No,Part-Time
639a240d7d7ac6411b60249c,5ab7c19e1667e40001d7cd93,APPROVED,2022-12-14T19:29:56.921000Z,2022-12-14T19:43:16.937000Z,2022-12-14T23:17:03.725,2022-12-14T19:43:17.353544Z,801,CZELI6JD,608,English,Right-handed,30,Female,White,United States,United States,United States,English,No,"Not in paid work (e.g. homemaker', 'retired or disabled)"
639a2415d57b617e5210ee2b,5eddb464a77718acaaa72ab5,APPROVED,2022-12-14T19:29:27.258000Z,2022-12-14T19:40:04.317000Z,2022-12-14T23:17:03.827,2022-12-14T19:40:07.023345Z,638,CZELI6JD,1254,English,Right-handed,31,Female,White,United States,United States,United States,English,Yes,Full-Time
639a241c3a3afa57bdbd7eee,5dc7870428e0d566b626bcb9,APPROVED,2022-12-14T19:29:36.032000Z,2022-12-14T19:50:51.317000Z,2022-12-14T23:17:03.928,2022-12-14T19:50:51.690658Z,1276,CZELI6JD,724,English,Right-handed,40,Female,White,United States,United States,United States,English,Yes,Part-Time
639a242c61c9dda1ddecbcb0,5b7c877f9dc643000172043d,APPROVED,2022-12-14T19:30:17.826000Z,2022-12-14T19:43:17.610000Z,2022-12-14T23:17:04.030,2022-12-14T19:43:18.025902Z,780,CZELI6JD,4274,English,Right-handed,39,Male,White,United States,United States,United States,English,No,Full-Time
639a2430635c7b474ddaad42,6333813956b0fd924b64a4d0,APPROVED,2022-12-14T19:29:55.278000Z,2022-12-14T19:41:25.843000Z,2022-12-14T23:17:04.134,2022-12-14T19:41:26.191447Z,691,CZELI6JD,389,English,Right-handed,31,Male,White,United States,United States,United States,English,No,Unemployed (and job seeking)
639a243576d290a4c2daad0a,6079ff1600ff2b7455e1c3e0,APPROVED,2022-12-14T19:30:00.976000Z,2022-12-14T19:41:16.647000Z,2022-12-14T23:17:04.235,2022-12-14T19:41:16.998306Z,676,CZELI6JD,177,English,Right-handed,20,Female,Black,United States,United States,United States,English,Yes,DATA_EXPIRED
639a24361e43411cee455d41,60c0eae0a61a05f2b626b6de,APPROVED,2022-12-14T19:30:06.448000Z,2022-12-14T19:40:02.507000Z,2022-12-14T23:17:04.335,2022-12-14T19:40:04.959795Z,597,CZELI6JD,222,English,Right-handed,32,Male,White,United States,United States,United States,English,No,Full-Time
639a24631dc3da2e9b60244b,6101930ddd5330f83b898c61,APPROVED,2022-12-14T19:35:55.510000Z,2022-12-14T19:47:37.359000Z,2022-12-14T23:17:04.429,2022-12-14T19:47:37.792711Z,702,CZELI6JD,1727,English,Right-handed,21,Female,White,United States,United States,United States,English,No,DATA_EXPIRED
639a247d50c63cf8ae59bc94,60fcd9368e8d2b8740cf9251,APPROVED,2022-12-14T19:31:12.742000Z,2022-12-14T19:45:25Z,2022-12-14T23:17:04.530,2022-12-14T19:45:25.357106Z,853,CZELI6JD,166,English,Right-handed,21,Female,Mixed,United States,United States,United States,English,DATA_EXPIRED,DATA_EXPIRED
639a248e6214add6d8a078dc,628de2aa849f6b5117ce63be,RETURNED,2022-12-14T19:31:29.528000Z,2022-12-14T19:33:59.640000Z,,2022-12-14T19:33:59.987000Z,,CZELI6JD,361,CONSENT_REVOKED,CONSENT_REVOKED,CONSENT_REVOKED,CONSENT_REVOKED,CONSENT_REVOKED,CONSENT_REVOKED,CONSENT_REVOKED,CONSENT_REVOKED,CONSENT_REVOKED,CONSENT_REVOKED,CONSENT_REVOKED
639a249705c8fbc45d6a2880,614f571879ee135c5a579e08,APPROVED,2022-12-14T19:31:40.571000Z,2022-12-14T19:44:57.609000Z,2022-12-14T23:17:04.633,2022-12-14T19:44:58.533826Z,798,CZELI6JD,312,English,Right-handed,28,Male,Black,United States,United States,United States,English,DATA_EXPIRED,DATA_EXPIRED
639a24992affd482036b87eb,5c4e9bd1818d4d00013e8859,APPROVED,2022-12-14T19:31:39.047000Z,2022-12-14T19:49:11.430000Z,2022-12-14T23:17:04.733,2022-12-14T19:49:11.830663Z,1053,CZELI6JD,402,English,Right-handed,31,Female,White,United States,United States,United States,English,No,Full-Time
639a249c3a3afa57bdbd7efd,596fea64a5c32a0001584755,APPROVED,2022-12-14T19:31:46.005000Z,2022-12-14T19:44:22.551000Z,2022-12-14T23:17:04.841,2022-12-14T19:44:22.896659Z,757,CZELI6JD,1686,English,Right-handed,30,Female,White,United States,United States,United States,English,No,Part-Time
639a24ec0b92d1221267c915,6306c6da06266b1b06544411,RETURNED,2022-12-14T19:33:06.071000Z,2022-12-14T19:37:16.397000Z,,2022-12-14T19:37:16.800000Z,,CZELI6JD,178,CONSENT_REVOKED,CONSENT_REVOKED,CONSENT_REVOKED,CONSENT_REVOKED,CONSENT_REVOKED,CONSENT_REVOKED,CONSENT_REVOKED,CONSENT_REVOKED,CONSENT_REVOKED,CONSENT_REVOKED,CONSENT_REVOKED
639a25012533da6cccafd986,62029b72ef1cb18a1337c839,APPROVED,2022-12-14T19:33:25.311000Z,2022-12-14T19:38:57.850000Z,2022-12-14T23:17:04.938,2022-12-14T19:38:58.183777Z,333,CZELI6JD,256,English,Right-handed,34,Female,White,United States,United States,United States,English,No,Full-Time
639a2506f74eeb18f659bc83,5f22bdb732432502a2615f3f,APPROVED,2022-12-14T19:33:29.945000Z,2022-12-14T19:46:15.484000Z,2022-12-14T23:17:05.048,2022-12-14T19:46:15.871479Z,766,CZELI6JD,2385,"English, Spanish",Right-handed,31,Female,White,United States,United States,United States,English,No,Part-Time
639a251660bc3b04615f3e46,6111f586fe99b25bb899861a,APPROVED,2022-12-14T19:33:46.286000Z,2022-12-14T19:48:30.637000Z,2022-12-14T23:17:05.151,2022-12-14T19:48:31.679749Z,885,CZELI6JD,528,English,Right-handed,22,Female,Black,United States,United States,United States,English,DATA_EXPIRED,DATA_EXPIRED
639a251676d290a4c2daad22,6100511e208bbea9bfc3154b,APPROVED,2022-12-14T19:33:45.476000Z,2022-12-14T19:46:12.103000Z,2022-12-14T23:17:05.255,2022-12-14T19:46:12.434850Z,747,CZELI6JD,337,English,Right-handed,30,Female,White,United States,United States,United States,English,No,Full-Time
639a253efe55f35742af48ee,56a38b45dbe850000cfd50c3,APPROVED,2022-12-14T19:34:22.918000Z,2022-12-14T19:43:51.052000Z,2022-12-14T23:17:05.356,2022-12-14T19:43:51.443016Z,569,CZELI6JD,2450,English,Right-handed,26,Male,Asian,United States,United States,United States,English,DATA_EXPIRED,DATA_EXPIRED
639a2542b1d6b67d09c77fe1,60413ee98b05db0b2f74a0c7,APPROVED,2022-12-14T19:34:29.192000Z,2022-12-14T19:46:30.452000Z,2022-12-14T23:17:05.454,2022-12-14T19:46:31.136436Z,722,CZELI6JD,1012,English,Right-handed,20,Male,Black,United States,United States,United States,English,DATA_EXPIRED,DATA_EXPIRED
639a256dae5e13dd7167c957,60fd6697546be8a6eb141693,APPROVED,2022-12-14T19:35:15.110000Z,2022-12-14T19:48:44.267000Z,2022-12-14T23:17:05.553,2022-12-14T19:48:44.588768Z,810,CZELI6JD,161,English,Right-handed,23,Male,White,United States,United States,United States,English,Yes,Other
639a257c315375cc2eafd966,5b666901f7798c000182c01c,APPROVED,2022-12-14T19:35:24.369000Z,2022-12-14T19:47:24.294000Z,2022-12-14T23:17:05.654,2022-12-14T19:47:24.799189Z,720,CZELI6JD,2679,English,Right-handed,38,Male,White,United States,United States,United States,English,No,Unemployed (and job seeking)
639a25843586b89c5b190cd8,627e7b6d33e1df14160c05ba,APPROVED,2022-12-14T19:35:38.968000Z,2022-12-14T20:11:28.880000Z,2022-12-14T23:17:05.767,2022-12-14T20:11:29.414033Z,2150,CZELI6JD,600,English,Right-handed,24,Female,White,United States,United States,United States,English,No,Unemployed (and job seeking)
639a259a0bbf9c04d5ac83f2,616d0c1b16a0437469b6cd74,APPROVED,2022-12-14T19:35:58.252000Z,2022-12-14T19:49:24.053000Z,2022-12-14T23:17:05.868,2022-12-14T19:49:24.475243Z,806,CZELI6JD,1372,English,Right-handed,33,Female,Black,United States,United States,United States,English,No,Part-Time
639a25af15877784c62693af,5d2fbee1fb16450018a7a023,APPROVED,2022-12-14T19:41:45.131000Z,2022-12-14T19:59:08.860000Z,2022-12-14T23:17:05.964,2022-12-14T19:59:09.923219Z,1044,CZELI6JD,2781,English,Right-handed,38,Male,White,United States,United States,United States,English,DATA_EXPIRED,DATA_EXPIRED
639a25b548d35ace7b03c99a,62adef58d6f991bb5660e772,APPROVED,2022-12-14T19:36:32.480000Z,2022-12-14T19:59:09.182000Z,2022-12-14T23:17:06.064,2022-12-14T19:59:10.089150Z,1357,CZELI6JD,564,English,Right-handed,31,Male,Mixed,United States,United States,United States,English,No,Part-Time
639a25b6f74eeb18f659bc95,5a04869ff2e3460001edad2e,APPROVED,2022-12-14T19:36:31.838000Z,2022-12-14T20:06:00.160000Z,2022-12-14T23:17:06.169,2022-12-14T20:06:00.511573Z,1769,CZELI6JD,2017,English,Right-handed,31,Male,White,United States,United States,United States,English,No,Part-Time
639a25b827d301481a684ebb,6123d27b5481e1189844b7b0,APPROVED,2022-12-14T19:36:29.352000Z,2022-12-14T19:45:52.796000Z,2022-12-14T23:17:06.277,2022-12-14T19:45:53.201091Z,564,CZELI6JD,483,English,Right-handed,23,Male,White,United States,United States,United States,English,No,Unemployed (and job seeking)
639a25b8785650242d4e7f4b,5c16e72c91defa000115c8ec,APPROVED,2022-12-14T19:36:39.337000Z,2022-12-14T19:48:04.827000Z,2022-12-14T23:17:06.394,2022-12-14T19:48:05.226424Z,686,CZELI6JD,1175,English,Right-handed,31,Male,White,United States,United States,United States,English,No,Full-Time
639a25d26da31252a359133e,6272abac31a465b0f22fb7c1,APPROVED,2022-12-14T19:36:53.054000Z,2022-12-14T19:47:18.968000Z,2022-12-14T23:17:06.499,2022-12-14T19:47:19.309376Z,626,CZELI6JD,609,"Danish, English",Right-handed,38,Male,White,Denmark,United States,United States,Danish,DATA_EXPIRED,DATA_EXPIRED
639a25d363854a3eb902f84a,5d1d0270601cd7000172942f,APPROVED,2022-12-14T19:36:56.906000Z,2022-12-14T19:48:36.913000Z,2022-12-14T23:17:06.626,2022-12-14T19:48:37.725167Z,701,CZELI6JD,1467,English,Right-handed,27,Female,White,United States,United States,United States,English,No,DATA_EXPIRED
639a25e5470dd6624bac83ec,594936ad4152bf0001bfd5cd,APPROVED,2022-12-14T19:37:12.541000Z,2022-12-14T19:53:37.460000Z,2022-12-14T23:17:06.729,2022-12-14T19:53:37.904910Z,985,CZELI6JD,284,English,Right-handed,29,Female,White,United States,United States,United States,English,No,DATA_EXPIRED
639a25eb30c2eac882abb688,60f6de25f86ba8d688779946,APPROVED,2022-12-14T19:37:20.727000Z,2022-12-14T19:49:55.504000Z,2022-12-14T23:17:06.831,2022-12-14T19:49:55.896659Z,755,CZELI6JD,490,English,Right-handed,31,Female,White,United States,United States,United States,English,No,Full-Time
639a25f22ebe8de3e2f64e8e,60ba2ffd080107de026041d3,APPROVED,2022-12-14T19:41:56.414000Z,2022-12-14T19:52:11.485000Z,2022-12-14T23:17:06.930,2022-12-14T19:52:24.103833Z,616,CZELI6JD,1623,English,Right-handed,32,Male,White,United States,United States,United States,English,No,Full-Time
639a25f7cbcadec9a7f318c6,60bd80a54df9675c7f842774,APPROVED,2022-12-14T19:37:31.047000Z,2022-12-14T19:48:56.988000Z,2022-12-14T23:17:07.028,2022-12-14T19:48:57.411288Z,686,CZELI6JD,329,English,Right-handed,30,Male,White,United States,United States,United States,English,No,Unemployed (and job seeking)
639a25faa3cebdd157afe639,5d3bcf190e510a001b3df200,APPROVED,2022-12-14T19:37:32.947000Z,2022-12-14T19:42:56.216000Z,2022-12-14T23:17:07.134,2022-12-14T19:42:56.552652Z,324,CZELI6JD,345,"English, Spanish",Right-handed,21,Female,Mixed,United States,United States,United States,English,Yes,Part-Time
639a25fd779f4d5d889cee1f,62865e3456c142785cfad2a7,APPROVED,2022-12-14T19:46:03.767000Z,2022-12-14T20:10:45.705000Z,2022-12-14T23:17:07.239,2022-12-14T20:10:46.019972Z,1482,CZELI6JD,1109,English,Right-handed,29,Male,Other,United States,United States,United States,English,No,Part-Time
639a2659d1f5e0a52d10ee71,62b0a213241d25b7185f43a4,APPROVED,2022-12-14T19:39:07.887000Z,2022-12-14T19:51:49.982000Z,2022-12-14T23:17:07.342,2022-12-14T19:51:56.731338Z,763,CZELI6JD,175,"English, Japanese",Right-handed,32,DATA_EXPIRED,White,United States,United States,United States,English,No,Full-Time
639a266870a22eb2ccf318a1,63211a687695b2182a38207f,APPROVED,2022-12-14T19:39:24.433000Z,2022-12-14T19:52:38.813000Z,2022-12-14T23:17:07.442,2022-12-14T19:52:48.240837Z,795,CZELI6JD,194,English,Right-handed,32,Male,White,United States,United States,United States,English,No,Unemployed (and job seeking)
639a2682aec016731d94bfec,6314395ce933c9b91e9be41a,APPROVED,2022-12-14T19:39:50.338000Z,2022-12-14T20:30:17.839000Z,2022-12-14T23:17:07.542,2022-12-14T20:30:18.242868Z,3028,CZELI6JD,456,English,Right-handed,30,Male,White,United States,United States,United States,English,No,"Not in paid work (e.g. homemaker', 'retired or disabled)"
639a2687c809c27a4503c9b7,575865ba7b74a80006de2689,APPROVED,2022-12-14T19:39:55.360000Z,2022-12-14T19:56:49.289000Z,2022-12-14T23:17:07.650,2022-12-14T19:56:49.682986Z,1014,CZELI6JD,1217,"English, Spanish",Right-handed,30,Male,White,United States,United States,United States,English,Yes,Full-Time
639a26960bbf9c04d5ac840d,580a494da38f4a00012ebfdc,APPROVED,2022-12-14T19:40:11.765000Z,2022-12-14T20:14:44.402000Z,2022-12-14T23:17:07.749,2022-12-14T20:14:44.774817Z,2073,CZELI6JD,1226,English,Right-handed,26,Male,White,United States,United States,United States,English,No,DATA_EXPIRED
639a26a363854a3eb902f860,5c58e01e6f4ec5000164c35a,APPROVED,2022-12-14T19:40:22.893000Z,2022-12-14T19:51:44.140000Z,2022-12-14T23:17:07.847,2022-12-14T19:51:48.401129Z,682,CZELI6JD,1691,English,Right-handed,30,Female,White,United States,United States,United States,English,No,Full-Time
639a26aa30c2eac882abb6a6,62f975cbc3507ecf77180d00,APPROVED,2022-12-14T19:40:29.342000Z,2022-12-14T19:51:01.539000Z,2022-12-14T23:17:07.946,2022-12-14T19:51:02.176085Z,633,CZELI6JD,399,English,Right-handed,19,Male,White,United States,United States,United States,English,Yes,Unemployed (and job seeking)
639a26ba6eb16883121b5908,609b6c918ad180505fefd919,APPROVED,2022-12-14T19:40:47.899000Z,2022-12-14T19:57:24.315000Z,2022-12-14T23:17:08.045,2022-12-14T19:57:24.710606Z,997,CZELI6JD,542,English,Right-handed,29,Female,Asian,United States,United States,United States,English,No,"Not in paid work (e.g. homemaker', 'retired or disabled)"
639a26bab29198f260ac83e0,5f4e7311fe19f004679bd5c0,APPROVED,2022-12-14T19:40:45.930000Z,2022-12-14T19:50:37.489000Z,2022-12-14T23:17:08.149,2022-12-14T19:50:37.907018Z,592,CZELI6JD,364,English,Right-handed,23,Male,White,United States,United States,United States,English,No,Unemployed (and job seeking)
639a26be9bf428f979eae82f,611c3a95571912992fae32cf,APPROVED,2022-12-14T19:40:49.652000Z,2022-12-14T19:42:29.325000Z,2022-12-14T23:17:08.249,2022-12-14T19:42:29.946354Z,100,CZELI6JD,1386,English,Right-handed,29,Male,White,United States,United States,United States,English,No,Part-Time
639a26c07b0c3821b35f3e07,5e4b793f03c92a08a6d28e3f,APPROVED,2022-12-14T19:40:48.005000Z,2022-12-14T19:50:05.210000Z,2022-12-14T23:17:08.347,2022-12-14T19:50:05.629778Z,558,CZELI6JD,851,English,Right-handed,23,Male,Asian,United States,United States,United States,English,Yes,Unemployed (and job seeking)
639a26c60073023651bd7edb,63178a6f2213dd2fe9ef8500,APPROVED,2022-12-14T19:40:57.896000Z,2022-12-14T19:53:19.053000Z,2022-12-14T23:17:08.448,2022-12-14T19:53:19.523301Z,742,CZELI6JD,195,English,Right-handed,32,Male,White,United States,United States,United States,English,No,Full-Time
639a26d3c7d6e22a40eae831,5fd53e2d08163d37f7cb72f6,APPROVED,2022-12-14T19:41:13.501000Z,2022-12-14T19:56:42.904000Z,2022-12-14T23:17:08.555,2022-12-14T19:56:43.250518Z,930,CZELI6JD,1226,English,Right-handed,37,Male,Mixed,United States,United States,United States,English,DATA_EXPIRED,DATA_EXPIRED
639a26d589230f3405317eca,60e49c6274c1be146fa85140,APPROVED,2022-12-14T19:41:11.747000Z,2022-12-14T19:53:40.662000Z,2022-12-14T23:17:08.652,2022-12-14T19:53:40.998106Z,749,CZELI6JD,1214,English,Right-handed,30,Female,White,United States,United States,United States,English,No,Full-Time
639a26dbc809c27a4503c9bf,62ec3412706175ea98e11fba,APPROVED,2022-12-14T19:41:17.842000Z,2022-12-14T19:51:47.170000Z,2022-12-14T23:17:08.754,2022-12-14T19:51:48.833440Z,630,CZELI6JD,160,English,Right-handed,25,Male,Mixed,United States,United States,United States,English,Yes,Unemployed (and job seeking)
639a26deb8b195b74a9fadc8,5cdad620eae6f70019d4e950,APPROVED,2022-12-14T19:41:20.779000Z,2022-12-14T19:53:15.881000Z,2022-12-14T23:17:08.852,2022-12-14T19:53:16.268513Z,716,CZELI6JD,3972,English,Right-handed,33,Male,White,United States,United States,United States,English,DATA_EXPIRED,Full-Time
639a275a4340f5060bbfc35a,5febd16bbaa7c4d3e31147a0,RETURNED,2022-12-14T19:43:22.903000Z,2022-12-14T19:52:00.842000Z,,2022-12-14T19:52:15.363326Z,,CZELI6JD,1257,CONSENT_REVOKED,CONSENT_REVOKED,CONSENT_REVOKED,CONSENT_REVOKED,CONSENT_REVOKED,CONSENT_REVOKED,CONSENT_REVOKED,CONSENT_REVOKED,CONSENT_REVOKED,CONSENT_REVOKED,CONSENT_REVOKED
639a275c285ebbcf6cf3192a,63235c5bf70d8e4f79b205cd,APPROVED,2022-12-14T19:43:30.196000Z,2022-12-14T19:57:17.364000Z,2022-12-14T23:17:08.954,2022-12-14T19:57:17.791730Z,828,CZELI6JD,447,English,Right-handed,24,Male,Asian,United States,United States,United States,English,Yes,Full-Time
639a2764285ebbcf6cf3192b,611121bd6fc323df0d3c7e4f,APPROVED,2022-12-14T19:43:35.651000Z,2022-12-14T19:55:28.331000Z,2022-12-14T23:17:09.054,2022-12-14T19:55:28.899974Z,713,CZELI6JD,262,English,Right-handed,19,Female,White,United States,United States,United States,English,Yes,Unemployed (and job seeking)
639a276fb276a1656781cbd4,5f67eb3f24636b4105db4826,APPROVED,2022-12-14T19:43:48.291000Z,2022-12-14T19:56:19.328000Z,2022-12-14T23:17:09.160,2022-12-14T19:56:19.820965Z,752,CZELI6JD,61,English,Right-handed,37,Male,White,United States,United States,United States,English,No,Full-Time
639a277d3210d7fa6abfc374,55b0029bfdf99b5c00619440,APPROVED,2022-12-14T19:44:26.639000Z,2022-12-14T20:36:39.027000Z,2022-12-14T23:17:09.258,2022-12-14T20:36:39.425977Z,3133,CZELI6JD,1252,English,Right-handed,38,Female,Black,United States,United States,United States,English,No,DATA_EXPIRED
639a27849776b7367381cbe2,5dd0749782569a156ed4f658,APPROVED,2022-12-14T19:44:09.494000Z,2022-12-14T19:55:21.017000Z,2022-12-14T23:17:09.353,2022-12-14T19:55:21.916889Z,672,CZELI6JD,612,English,Right-handed,29,Male,White,United States,United States,United States,English,No,Unemployed (and job seeking)
639a2787203b442b41c77ff0,61fa92f15719bc09cb834b86,APPROVED,2022-12-14T19:44:09.892000Z,2022-12-14T19:56:01.910000Z,2022-12-14T23:17:09.450,2022-12-14T19:56:02.253446Z,713,CZELI6JD,798,English,Right-handed,21,Male,Asian,United States,United States,United States,English,Yes,Part-Time
639a27948684fc7d6c12e783,629a7466cebc9523d66d4d8e,APPROVED,2022-12-14T19:44:24.199000Z,2022-12-14T19:59:27.798000Z,2022-12-14T23:17:09.548,2022-12-14T19:59:28.195207Z,904,CZELI6JD,80,English,Right-handed,23,Female,White,United States,United States,United States,English,Yes,DATA_EXPIRED
639a279645e48a2c29e9389f,60ded53d38608c2fa0d1ac4f,APPROVED,2022-12-14T19:48:09.572000Z,2022-12-14T20:01:07.079000Z,2022-12-14T23:17:09.655,2022-12-14T20:01:07.461133Z,778,CZELI6JD,2199,English,Right-handed,19,Male,White,United States,United States,United States,English,No,Part-Time
639a27a038ec7e87ce77a6ea,57d6dd8d6598aa000199188b,APPROVED,2022-12-14T19:44:36.043000Z,2022-12-14T19:55:34.844000Z,2022-12-14T23:17:09.772,2022-12-14T19:55:35.202427Z,659,CZELI6JD,5326,English,Right-handed,33,Female,Asian,United States,United States,United States,English,No,Full-Time
639a27a6223089922010ee47,60fd6607e7beec3c98d994b1,APPROVED,2022-12-14T19:44:41.576000Z,2022-12-14T20:04:02.683000Z,2022-12-14T23:17:09.873,2022-12-14T20:04:03.370906Z,1162,CZELI6JD,638,English,Right-handed,25,Female,White,United States,United States,United States,English,No,Unemployed (and job seeking)
639a27d070c2bd77bc59bc76,610855877c8363d76b3e6338,APPROVED,2022-12-14T19:45:25.151000Z,2022-12-14T19:57:49.172000Z,2022-12-14T23:17:09.976,2022-12-14T19:57:49.496912Z,745,CZELI6JD,839,English,Right-handed,34,Female,White,United States,United States,United States,English,No,"Not in paid work (e.g. homemaker', 'retired or disabled)"
639a27dcd200ab60e1d02e53,62e02537aeee3cf7f450869e,APPROVED,2022-12-14T19:49:39.686000Z,2022-12-14T20:08:55.071000Z,2022-12-14T23:17:10.079,2022-12-14T20:08:55.451379Z,1156,CZELI6JD,519,English,Right-handed,29,Female,White,United States,United States,United States,English,No,Other
639a27f57a3a0a6cf1af4972,635407b0f2c5045f78bd9326,APPROVED,2022-12-14T19:46:00.751000Z,2022-12-14T19:55:43.296000Z,2022-12-14T23:17:10.199,2022-12-14T19:55:43.768523Z,583,CZELI6JD,257,English,Right-handed,28,Male,White,United States,United States,United States,English,Yes,Other
639a27fb0a5175571fab3542,60fd592929e8016e53a167a6,APPROVED,2022-12-14T19:46:07.786000Z,2022-12-14T19:58:48.987000Z,2022-12-14T23:17:10.307,2022-12-14T19:58:49.414700Z,762,CZELI6JD,199,English,Right-handed,22,Female,White,United States,United States,United States,English,No,Full-Time
639a2807b2fe208cd8daad13,5d8a29c082fec30001d9c24a,APPROVED,2022-12-14T19:46:40.347000Z,2022-12-14T19:58:25.762000Z,2022-12-14T23:17:10.405,2022-12-14T19:58:26.111933Z,706,CZELI6JD,1145,English,Right-handed,31,Male,White,United States,United States,United States,English,No,Unemployed (and job seeking)
639a280f61329c28d177a6de,601d69a993d94008fb2b25dc,APPROVED,2022-12-14T19:50:57.932000Z,2022-12-14T20:08:06.183000Z,2022-12-14T23:17:10.503,2022-12-14T20:08:06.588734Z,1029,CZELI6JD,1176,English,Right-handed,27,Male,Black,United States,United States,United States,English,No,Unemployed (and job seeking)
639a282e066ce042c29fad6d,5e0047b3a99550c62bda2dd6,APPROVED,2022-12-14T19:46:57.830000Z,2022-12-14T19:58:51.712000Z,2022-12-14T23:17:10.604,2022-12-14T19:58:52.228382Z,714,CZELI6JD,2145,English,Right-handed,36,Female,White,United States,United States,United States,English,Yes,Full-Time
639a283b7a3a0a6cf1af4979,594a964c215cbd000146de75,APPROVED,2022-12-14T19:47:10.242000Z,2022-12-14T19:58:15.966000Z,2022-12-14T23:17:10.704,2022-12-14T19:58:16.380482Z,666,CZELI6JD,2536,"English, Spanish",Right-handed,33,Female,Mixed,United States,United States,United States,Spanish,No,"Not in paid work (e.g. homemaker', 'retired or disabled)"
639a284715877784c62693ef,56259489ed6e5a0005c80fde,APPROVED,2022-12-14T19:47:19.183000Z,2022-12-14T20:01:53.543000Z,2022-12-14T23:17:10.810,2022-12-14T20:01:53.945182Z,875,CZELI6JD,4281,English,Right-handed,36,Male,White,United States,United States,United States,English,No,Unemployed (and job seeking)
639a28483210d7fa6abfc382,57d714de813eb30001825ac4,APPROVED,2022-12-14T19:51:57.613000Z,2022-12-14T20:06:52.674000Z,2022-12-14T23:17:10.913,2022-12-14T20:06:53.026051Z,896,CZELI6JD,422,English,Right-handed,38,Female,White,United States,United States,United States,English,No,Part-Time
639a286311d7ebf4879cee26,5bf4f905345b9b00016eda45,APPROVED,2022-12-14T19:47:51.054000Z,2022-12-14T20:02:45.238000Z,2022-12-14T23:17:11.016,2022-12-14T20:02:46.192523Z,895,CZELI6JD,171,English,Right-handed,32,Male,White,United States,United States,United States,English,No,Other
639a2877a5ec8743bed91cd7,6105a3ab3439f5af30a3777b,APPROVED,2022-12-14T19:48:11.283000Z,2022-12-14T19:59:40.690000Z,2022-12-14T23:17:11.119,2022-12-14T19:59:41.073818Z,690,CZELI6JD,1052,English,Right-handed,26,Female,White,United States,United States,United States,English,DATA_EXPIRED,DATA_EXPIRED
639a28820a16fdcfeb190c76,60b8242021561f7827855c02,APPROVED,2022-12-14T19:49:06.435000Z,2022-12-14T20:08:10.031000Z,2022-12-14T23:17:11.225,2022-12-14T20:08:10.588092Z,1144,CZELI6JD,1972,English,Right-handed,37,Female,White,United States,United States,United States,English,No,Other
639a288b352aa1db35117d47,6110cb9fd3ba23cecacc8fc4,APPROVED,2022-12-14T19:48:29.640000Z,2022-12-14T19:57:54.993000Z,2022-12-14T23:17:11.327,2022-12-14T19:57:55.446350Z,566,CZELI6JD,1406,English,Right-handed,20,Male,Mixed,United States,United States,United States,English,Yes,Part-Time
639a288ddececa83a91b5902,611325c23a34bedb5feed16b,APPROVED,2022-12-14T19:48:53.925000Z,2022-12-14T20:02:40.099000Z,2022-12-14T23:17:11.430,2022-12-14T20:02:40.500781Z,827,CZELI6JD,751,English,Right-handed,22,Female,White,United States,United States,United States,English,No,Full-Time
639a288fb2fe208cd8daad23,62fb9a3f8da41fb2b6d28121,APPROVED,2022-12-14T19:48:34.391000Z,2022-12-14T19:59:22.915000Z,2022-12-14T23:17:11.531,2022-12-14T19:59:23.357590Z,649,CZELI6JD,206,English,Right-handed,33,Prefer not to say,Mixed,United States,United States,United States,English,No,Unemployed (and job seeking)
639a289815877784c62693f8,60897a1d66afbbe1bb33a8e2,APPROVED,2022-12-14T19:48:42.195000Z,2022-12-14T20:00:23.408000Z,2022-12-14T23:17:11.626,2022-12-14T20:00:23.832839Z,702,CZELI6JD,772,English,Right-handed,22,Female,White,United States,United States,United States,English,Yes,Part-Time
639a28c38b8fdfc93c455d10,5b066e00f58f8400018b0906,APPROVED,2022-12-14T19:49:31.602000Z,2022-12-14T20:38:19.316000Z,2022-12-14T23:17:11.723,2022-12-14T20:38:19.656633Z,2928,CZELI6JD,814,English,Right-handed,33,Male,White,United States,United States,United States,English,DATA_EXPIRED,DATA_EXPIRED
639a28d2b1e74e35ad4239f9,5d5dc2d37bfc8400013b653c,APPROVED,2022-12-14T19:49:42.425000Z,2022-12-14T20:08:59.012000Z,2022-12-14T23:17:11.830,2022-12-14T20:08:59.614795Z,1157,CZELI6JD,1289,English,Right-handed,21,Female,White,United States,United States,United States,English,No,Unemployed (and job seeking)
639a28d66d980d1e09835697,616c9115b3a3d2f885822a57,APPROVED,2022-12-14T19:49:46.095000Z,2022-12-14T20:09:24.355000Z,2022-12-14T23:17:11.930,2022-12-14T20:09:24.763195Z,1179,CZELI6JD,2366,English,Right-handed,36,Male,White,United States,United States,United States,English,DATA_EXPIRED,DATA_EXPIRED
639a28df0e21650a21455d51,5ef6601481666334a551ebe7,APPROVED,2022-12-14T19:50:19.680000Z,2022-12-14T20:01:50.776000Z,2022-12-14T23:17:12.033,2022-12-14T20:01:51.162302Z,692,CZELI6JD,1372,"English, Chinese",Right-handed,23,Female,Asian,United States,United States,United States,Chinese,No,Unemployed (and job seeking)
639a28ecc809c27a4503c9e6,63026053812fe400f2929701,APPROVED,2022-12-14T19:53:56.747000Z,2022-12-14T20:07:41.725000Z,2022-12-14T23:17:12.404,2022-12-14T20:07:42.179328Z,825,CZELI6JD,549,"English, Spanish",Right-handed,38,Male,Mixed,United States,United States,United States,Spanish,No,"Not in paid work (e.g. homemaker', 'retired or disabled)"
639a28ecd76a956f64ecbd02,5e5220711b676824eb24c172,APPROVED,2022-12-14T19:50:14.102000Z,2022-12-14T20:17:19.603000Z,2022-12-14T23:17:12.508,2022-12-14T20:17:19.993828Z,1626,CZELI6JD,920,English,Right-handed,28,Female,Black,United States,United States,United States,English,No,Full-Time
639a2901e30e87cbe22693a0,6108553abbf7a922fb6cfa3a,APPROVED,2022-12-14T19:50:29.712000Z,2022-12-14T20:03:41.192000Z,2022-12-14T23:17:12.619,2022-12-14T20:03:41.597546Z,792,CZELI6JD,531,English,Right-handed,24,Female,White,United States,United States,United States,English,Yes,Part-Time
639a290960b0479d98ecbc9e,5ca4bade374f11000118f010,APPROVED,2022-12-14T19:50:36.098000Z,2022-12-14T20:05:09.430000Z,2022-12-14T23:17:12.719,2022-12-14T20:05:09.742885Z,874,CZELI6JD,880,English,Right-handed,23,Male,White,United States,United States,United States,English,DATA_EXPIRED,DATA_EXPIRED
639a291270a22eb2ccf318cf,610024bfd6e1038ba3b1601d,APPROVED,2022-12-14T19:50:45.078000Z,2022-12-14T20:07:47.725000Z,2022-12-14T23:17:12.819,2022-12-14T20:07:50.104987Z,1023,CZELI6JD,1863,English,Right-handed,30,Female,White,United States,United States,United States,English,No,DATA_EXPIRED
639a2917871a7f8ab303c9e9,631c790a9061cd8137fd215b,APPROVED,2022-12-14T19:50:50.463000Z,2022-12-14T20:01:33.219000Z,2022-12-14T23:17:12.928,2022-12-14T20:01:33.584301Z,643,CZELI6JD,272,English,Right-handed,26,Male,White,United States,United States,United States,English,No,Full-Time
639a2921bd51bb356581cbf1,5fb142fa3d818059f4cd5497,APPROVED,2022-12-14T19:51:01.226000Z,2022-12-14T20:05:49.478000Z,2022-12-14T23:17:13.031,2022-12-14T20:05:49.897564Z,889,CZELI6JD,1087,English,Right-handed,34,Male,White,United States,United States,United States,English,No,Part-Time
639a292dad14fe62062d4eba,571643bbcd6ea20009dbb6b0,APPROVED,2022-12-14T19:51:13.505000Z,2022-12-14T20:02:53.572000Z,2022-12-14T23:17:13.137,2022-12-14T20:02:53.915183Z,701,CZELI6JD,1228,English,Right-handed,33,Female,White,United States,United States,United States,English,No,DATA_EXPIRED
639a293c61be41df7a2566b3,5f24993238b9f80892adf099,APPROVED,2022-12-14T19:52:22.439000Z,2022-12-14T20:04:34.786000Z,2022-12-14T23:17:13.239,2022-12-14T20:04:35.176906Z,733,CZELI6JD,191,"English, Punjabi",Right-handed,33,Female,Asian,United States,United States,United States,English,No,Full-Time
639a293e744a11d64b6b87ad,615e1782e969d4939045c54f,APPROVED,2022-12-14T19:51:34.246000Z,2022-12-14T20:44:45.158000Z,2022-12-14T23:17:13.338,2022-12-14T20:44:45.531886Z,3191,CZELI6JD,393,English,Right-handed,32,Male,Black,United States,United States,United States,English,DATA_EXPIRED,DATA_EXPIRED
639a29583b38eecd24e0a152,5f878ac24e7e5f1ba4237c09,APPROVED,2022-12-14T19:51:54.821000Z,2022-12-14T20:02:13.900000Z,2022-12-14T23:17:13.437,2022-12-14T20:02:15.687523Z,620,CZELI6JD,709,English,Right-handed,36,Male,Mixed,United States,United States,United States,English,No,Other
639a296a22086e83942693bd,58211fc787f6b90001f13f90,APPROVED,2022-12-14T19:54:55.957000Z,2022-12-14T20:04:29.533000Z,2022-12-14T23:17:13.534,2022-12-14T20:04:29.926361Z,574,CZELI6JD,4410,English,Right-handed,40,Male,White,United States,United States,United States,English,No,Full-Time
639a2976310cc726ea9b0376,5727e394c68b5a000e397d8c,APPROVED,2022-12-14T19:52:22.952000Z,2022-12-14T20:08:15.275000Z,2022-12-14T23:17:13.635,2022-12-14T20:08:15.607825Z,953,CZELI6JD,791,English,Right-handed,38,Male,Asian,United States,United States,United States,English,No,DATA_EXPIRED
639a2981bd51bb356581cbfe,6111747b20e9e9c8b651b36a,APPROVED,2022-12-14T19:52:52.475000Z,2022-12-14T20:05:21.761000Z,2022-12-14T23:17:13.740,2022-12-14T20:05:23.975230Z,750,CZELI6JD,981,English,Right-handed,25,Female,White,United States,United States,United States,English,DATA_EXPIRED,DATA_EXPIRED
639a298729b682ece1455d52,5d53bffa147a7d00015aae5a,APPROVED,2022-12-14T19:52:42.981000Z,2022-12-14T20:03:32.417000Z,2022-12-14T23:17:13.844,2022-12-14T20:03:32.792498Z,650,CZELI6JD,1649,English,Right-handed,30,Female,White,United States,United States,United States,English,No,Full-Time
639a2988b2fe208cd8daad44,60306cf6330619ee41fa3cd2,APPROVED,2022-12-14T19:52:42.244000Z,2022-12-14T20:06:08.932000Z,2022-12-14T23:17:13.953,2022-12-14T20:06:09.283928Z,807,CZELI6JD,2043,English,Right-handed,31,Male,White,United States,United States,United States,English,DATA_EXPIRED,Full-Time
639a2992f6b65e1abfaf4905,5ef37831c37ebb0bbd2d3e03,APPROVED,2022-12-14T19:52:53.921000Z,2022-12-14T20:10:21.204000Z,2022-12-14T23:17:14.066,2022-12-14T20:10:21.572199Z,1048,CZELI6JD,2569,English,Right-handed,26,Male,Asian,Philippines,United States,United States,Tagalog-Filipino,No,Full-Time
639a29a8fe55f35742af495a,5ed85fbefd7ffe37615b73a4,APPROVED,2022-12-14T19:53:16.033000Z,2022-12-14T20:11:33.633000Z,2022-12-14T23:17:14.176,2022-12-14T20:11:33.996593Z,1098,CZELI6JD,30,English,Right-handed,27,Female,White,United States,United States,United States,English,No,Part-Time
639a29b3a3cebdd157afe6ad,6310dbdfda69599720736665,APPROVED,2022-12-14T19:53:33.841000Z,2022-12-14T20:05:43.131000Z,2022-12-14T23:17:14.283,2022-12-14T20:05:44.493441Z,730,CZELI6JD,607,English,Right-handed,32,Female,White,United States,United States,United States,English,No,Full-Time
639a29bf9813a77a8be1dabc,60d5ff02fef54b0399953c12,APPROVED,2022-12-14T19:53:37.585000Z,2022-12-14T20:05:05.703000Z,2022-12-14T23:17:14.389,2022-12-14T20:05:07.673414Z,689,CZELI6JD,469,English,Right-handed,22,Male,White,United States,United States,United States,English,Yes,Unemployed (and job seeking)
639a29ebbd51bb356581cc07,63626a68cf44b4184483c8e8,RETURNED,2022-12-14T19:55:12.397000Z,2022-12-14T20:03:28.271000Z,,2022-12-14T20:03:28.710000Z,,CZELI6JD,356,CONSENT_REVOKED,CONSENT_REVOKED,CONSENT_REVOKED,CONSENT_REVOKED,CONSENT_REVOKED,CONSENT_REVOKED,CONSENT_REVOKED,CONSENT_REVOKED,CONSENT_REVOKED,CONSENT_REVOKED,CONSENT_REVOKED
639a2a092205111e1659bc34,615cee2b2f844e72c397977a,APPROVED,2022-12-14T19:54:52.727000Z,2022-12-14T20:06:11.557000Z,2022-12-14T23:17:14.497,2022-12-14T20:06:11.962697Z,679,CZELI6JD,126,English,Right-handed,20,Female,White,United States,United States,United States,English,DATA_EXPIRED,DATA_EXPIRED
639a2a1beb92de9d8d6a2887,5a94ca1a873cda0001dc7147,APPROVED,2022-12-14T19:55:16.035000Z,2022-12-14T20:08:04.446000Z,2022-12-14T23:17:14.597,2022-12-14T20:08:04.833747Z,769,CZELI6JD,2156,English,Right-handed,32,Male,White,United States,United States,United States,English,No,DATA_EXPIRED
639a2a23f608b832bdae72b6,6041d51ff984371e3b18172d,APPROVED,2022-12-14T19:55:18.606000Z,2022-12-14T20:06:56.335000Z,2022-12-14T23:17:14.697,2022-12-14T20:06:56.758837Z,698,CZELI6JD,496,"English, German",Right-handed,25,Female,White,United States,United States,United States,English,Yes,Other
639a2a2f1574c3e1ecd91cdc,59d8ae913e5ea00001e1d05f,RETURNED,2022-12-14T19:55:27.357000Z,2022-12-14T20:43:31.237000Z,,2022-12-14T20:43:33.983518Z,,CZELI6JD,3616,CONSENT_REVOKED,CONSENT_REVOKED,CONSENT_REVOKED,CONSENT_REVOKED,CONSENT_REVOKED,CONSENT_REVOKED,CONSENT_REVOKED,CONSENT_REVOKED,CONSENT_REVOKED,CONSENT_REVOKED,CONSENT_REVOKED
639a2a3193669be7f29cee3f,5f50b1bbe29c992335098fb1,APPROVED,2022-12-14T19:55:32.026000Z,2022-12-14T20:48:12.822000Z,2022-12-14T23:17:14.804,2022-12-14T20:48:13.440300Z,3161,CZELI6JD,2388,English,Right-handed,32,Female,White,United States,United States,United States,English,No,Unemployed (and job seeking)
639a2a3961be41df7a2566cc,629e633c82ed7bd84fce0f9a,APPROVED,2022-12-14T19:55:39.989000Z,2022-12-14T20:04:49.299000Z,2022-12-14T23:17:14.911,2022-12-14T20:04:49.684391Z,550,CZELI6JD,409,English,Right-handed,28,Male,White,United States,United States,United States,English,No,Unemployed (and job seeking)
639a2a3a7e0706eadd60245e,5d9f5c0702dca80018822b8e,APPROVED,2022-12-14T19:55:41.828000Z,2022-12-14T20:45:58.270000Z,2022-12-14T23:17:15.026,2022-12-14T20:45:59.464578Z,3017,NOCODE,1878,English,Right-handed,37,Male,White,United States,United States,United States,English,DATA_EXPIRED,DATA_EXPIRED
639a2a57f8dcfe0fd7d02e28,614ea93d581d6f4281e9d232,APPROVED,2022-12-14T19:56:15.237000Z,2022-12-14T20:08:37.804000Z,2022-12-14T23:17:15.139,2022-12-14T20:08:38.222379Z,743,CZELI6JD,883,English,Right-handed,38,Female,White,United States,United States,United States,English,No,Full-Time
639a2a665c00b1635e3c0689,5b3e2334cdb4ce0001d93c51,APPROVED,2022-12-14T19:57:00.671000Z,2022-12-14T20:14:04.730000Z,2022-12-14T23:17:15.237,2022-12-14T20:14:05.124321Z,1025,CZELI6JD,2687,English,Right-handed,34,Male,White,United States,United States,United States,English,DATA_EXPIRED,DATA_EXPIRED
639a2a83daec7b11292d4e7f,5dd43c63390fb6428d4974f0,APPROVED,2022-12-14T19:56:55.189000Z,2022-12-14T20:18:16.595000Z,2022-12-14T23:17:15.354,2022-12-14T20:18:17.553816Z,1282,CZELI6JD,1030,English,Right-handed,38,Female,White,United States,United States,United States,English,No,Full-Time
639a2a8d0f13984d5d1b58b7,63162e1bbde3c4bb1d9d92a3,APPROVED,2022-12-14T19:57:04.541000Z,2022-12-14T20:10:07.477000Z,2022-12-14T23:17:15.455,2022-12-14T20:10:07.897600Z,783,CZELI6JD,613,English,Right-handed,33,Female,White,United States,United States,United States,English,No,"Not in paid work (e.g. homemaker', 'retired or disabled)"
639a2a9086f242b2f212e7b6,56a93cf24020250005d62f2b,APPROVED,2022-12-14T19:57:06.212000Z,2022-12-14T20:07:08.687000Z,2022-12-14T23:17:15.554,2022-12-14T20:07:09.071153Z,603,CZELI6JD,1598,English,Right-handed,32,Female,White,United States,United States,United States,English,No,Other
639a2a9960b0479d98ecbcd4,55ea70c37480920010aa9982,APPROVED,2022-12-14T20:02:22.712000Z,2022-12-14T20:32:55.354000Z,2022-12-14T23:17:15.654,2022-12-14T20:32:55.752052Z,1833,CZELI6JD,2372,"English, Japanese",Right-handed,35,Male,Black,United States,United States,United States,English,No,Part-Time
639a2a9ff750fac3dfbfc38e,5dcc3ec7db13278d75c8622f,APPROVED,2022-12-14T19:57:19.913000Z,2022-12-14T20:12:55.232000Z,2022-12-14T23:17:15.753,2022-12-14T20:12:58.796133Z,936,CZELI6JD,1093,English,Right-handed,37,Female,White,United States,United States,United States,English,DATA_EXPIRED,DATA_EXPIRED
639a2aa518314fa74ac77fdf,62b055b8af4eda974466ad0d,APPROVED,2022-12-14T19:57:28.383000Z,2022-12-14T20:09:40.937000Z,2022-12-14T23:17:15.852,2022-12-14T20:09:41.594839Z,733,CZELI6JD,1282,English,Right-handed,37,Female,White,United States,United States,United States,English,No,Full-Time
639a2aadc5430c1b8142399f,5d7f79e7e41ee70018d9164a,APPROVED,2022-12-14T19:57:36.838000Z,2022-12-14T20:10:02.155000Z,2022-12-14T23:17:15.952,2022-12-14T20:10:02.497045Z,746,CZELI6JD,1670,English,Right-handed,39,Female,White,United States,United States,United States,English,No,Full-Time
639a2ab32082e4421de9387e,610c33fa86d4d9bbc1345e36,APPROVED,2022-12-14T19:57:42.269000Z,2022-12-14T20:08:35.838000Z,2022-12-14T23:17:16.051,2022-12-14T20:08:36.234210Z,654,CZELI6JD,1951,English,Right-handed,19,Female,White,United States,United States,United States,English,No,Unemployed (and job seeking)
639a2acaf9fef3bf36e1da68,6317ff092d6b47344b7d1ec5,RETURNED,2022-12-14T19:58:04.628000Z,2022-12-14T20:03:05.306000Z,,2022-12-14T20:03:05.708000Z,,CZELI6JD,678,CONSENT_REVOKED,CONSENT_REVOKED,CONSENT_REVOKED,CONSENT_REVOKED,CONSENT_REVOKED,CONSENT_REVOKED,CONSENT_REVOKED,CONSENT_REVOKED,CONSENT_REVOKED,CONSENT_REVOKED,CONSENT_REVOKED
639a2af07587a28489e1da68,5f2afd90fcefd547f0ee556f,APPROVED,2022-12-14T19:58:42.997000Z,2022-12-14T20:10:51.239000Z,2022-12-14T23:17:16.153,2022-12-14T20:10:51.995088Z,729,CZELI6JD,348,English,Right-handed,18,Female,Mixed,United States,United States,United States,English,Yes,Part-Time
639a2b19d3fa74762b26939a,61664d58d18ca2325a81008e,APPROVED,2022-12-14T19:59:21.442000Z,2022-12-14T20:34:14.956000Z,2022-12-14T23:16:49.918,2022-12-14T20:34:15.361718Z,2094,CZELI6JD,1569,English,Right-handed,28,Female,White,United States,United States,United States,English,No,Other
639a2b2d480f90a13e3c06ba,5d2a3561d3edf900018016a1,APPROVED,2022-12-14T19:59:41.146000Z,2022-12-14T20:15:25.501000Z,2022-12-14T23:16:50.017,2022-12-14T20:15:25.894764Z,945,CZELI6JD,3016,English,Right-handed,36,Male,White,United States,United States,United States,English,No,Full-Time
639a2b364bd06326d0455cee,5e387f2c0d70ef099d5e5a4f,APPROVED,2022-12-14T20:09:02.580000Z,2022-12-14T20:24:59.485000Z,2022-12-14T23:16:50.113,2022-12-14T20:25:01.911899Z,957,CZELI6JD,1232,English,Right-handed,40,Male,White,United States,United States,United States,English,DATA_EXPIRED,DATA_EXPIRED
639a2b397e98bcd3c3abb654,59715b4b50e2f000016fe00e,APPROVED,2022-12-14T20:00:10.817000Z,2022-12-14T20:09:28.370000Z,2022-12-14T23:16:50.209,2022-12-14T20:09:29.456039Z,558,CZELI6JD,3068,English,Right-handed,39,Male,White,United States,United States,United States,English,DATA_EXPIRED,DATA_EXPIRED
639a2b3e2a329b414adaad0a,583f12f545073d0001fac52d,APPROVED,2022-12-14T20:00:03.705000Z,2022-12-14T20:24:21.117000Z,2022-12-14T23:16:50.301,2022-12-14T20:24:21.547401Z,1458,CZELI6JD,3123,English,Right-handed,38,Male,White,United States,United States,United States,English,DATA_EXPIRED,DATA_EXPIRED
639a2b440063ed2f13ecbce2,56279953ddff3c0005bcdba9,APPROVED,2022-12-14T20:00:08.588000Z,2022-12-14T20:12:57.409000Z,2022-12-14T23:16:50.396,2022-12-14T20:12:57.925109Z,769,CZELI6JD,878,English,Right-handed,35,Female,White,United States,United States,United States,English,No,Full-Time
639a2b446c98cf9e727140a4,60fc2ec58ad0da367daee3c1,APPROVED,2022-12-14T20:00:35.747000Z,2022-12-14T20:13:04.336000Z,2022-12-14T23:16:50.489,2022-12-14T20:13:12.414619Z,749,CZELI6JD,781,English,Right-handed,33,Female,White,United States,United States,United States,English,No,Full-Time
639a2b66e9f58dcba7e0a138,56d39b96da2aaa000dab6178,APPROVED,2022-12-14T20:00:40.759000Z,2022-12-14T20:40:23.474000Z,2022-12-14T23:16:50.580,2022-12-14T20:40:24.128458Z,2383,CZELI6JD,2875,"English, Chinese",Right-handed,36,Male,Asian,United States,United States,United States,English,No,Full-Time
639a2b7b5c00b1635e3c06a8,5adef850eb60400001539109,APPROVED,2022-12-14T20:01:02.918000Z,2022-12-14T20:15:47.379000Z,2022-12-14T23:16:50.671,2022-12-14T20:15:47.729412Z,885,CZELI6JD,1038,"Spanish, English",Right-handed,25,Male,Other,United States,United States,United States,English,No,DATA_EXPIRED
639a2b8b295dafda5c8356a4,5a7ab4c0f1408d0001761db7,APPROVED,2022-12-14T20:01:17.594000Z,2022-12-14T20:13:00.194000Z,2022-12-14T23:16:50.767,2022-12-14T20:13:00.607370Z,703,CZELI6JD,690,English,Right-handed,24,Female,Asian,United States,United States,United States,English,No,Part-Time
639a2b8d8271aef58894bf88,612fcbbd5386d9edb42da147,APPROVED,2022-12-14T20:01:20.676000Z,2022-12-14T20:13:11.552000Z,2022-12-14T23:16:50.865,2022-12-14T20:13:14.089252Z,711,CZELI6JD,1537,English,Right-handed,33,Male,White,United States,United States,United States,English,No,Other
639a2b998ffa431372af493c,5f50732850c7c600098593df,APPROVED,2022-12-14T20:02:51.250000Z,2022-12-14T20:15:02.222000Z,2022-12-14T23:16:50.979,2022-12-14T20:15:03.460000Z,731,CZELI6JD,2276,English,Right-handed,23,Male,Black,United States,United States,United States,English,Yes,DATA_EXPIRED
639a2ba6ac0fc634d28356c9,631a68ee10ec68377cb03457,APPROVED,2022-12-14T20:01:42.204000Z,2022-12-14T20:18:15.064000Z,2022-12-14T23:16:51.088,2022-12-14T20:18:15.393515Z,993,CZELI6JD,272,English,Right-handed,36,Male,White,United States,United States,United States,English,No,Full-Time
639a2ba99ea41d44f959132c,5e62dbd8142c3c08017d8728,APPROVED,2022-12-14T20:05:14.944000Z,2022-12-14T20:18:25.737000Z,2022-12-14T23:16:51.183,2022-12-14T20:18:26.306622Z,791,CZELI6JD,842,English,Right-handed,25,Male,White,United States,United States,United States,English,Yes,Part-Time
639a2bd13f6a65dc0fafd99e,5a5e94a7eedc32000142cd08,APPROVED,2022-12-14T20:02:25.765000Z,2022-12-14T20:15:53.309000Z,2022-12-14T23:16:51.282,2022-12-14T20:15:53.717652Z,808,CZELI6JD,675,English,Right-handed,26,Male,White,United States,United States,United States,English,No,Unemployed (and job seeking)
639a2bd1e30e87cbe22693f6,6330f30b973410dadd20eb64,APPROVED,2022-12-14T20:02:40.983000Z,2022-12-14T20:13:53.709000Z,2022-12-14T23:16:51.377,2022-12-14T20:13:54.138764Z,673,CZELI6JD,487,English,Right-handed,40,Male,Mixed,United States,United States,United States,English,No,"Not in paid work (e.g. homemaker', 'retired or disabled)"
639a2c29273293110fd91d13,5afa5252672ea800010d97e6,APPROVED,2022-12-14T20:03:56.433000Z,2022-12-14T20:08:51.543000Z,2022-12-14T23:16:51.685,2022-12-14T20:08:51.893626Z,296,CZELI6JD,2387,English,Right-handed,35,Female,White,United States,United States,United States,English,No,Full-Time
639a2c3cc5430c1b814239bf,60163bb2b88fc70a66a6052b,APPROVED,2022-12-14T20:04:16.159000Z,2022-12-14T20:16:02.980000Z,2022-12-14T23:16:51.777,2022-12-14T20:16:04.311652Z,707,CZELI6JD,484,English,Right-handed,33,Female,Mixed,United States,United States,United States,English,No,"Not in paid work (e.g. homemaker', 'retired or disabled)"
639a2ce13d8a4e8b11c77ff5,5bbe6691ba8d7d0001951ef9,APPROVED,2022-12-14T20:07:24.882000Z,2022-12-14T20:19:18.346000Z,2022-12-14T23:16:51.882,2022-12-14T20:19:19.088787Z,714,CZELI6JD,1128,English,Right-handed,24,Female,Mixed,United States,United States,United States,English,No,"Not in paid work (e.g. homemaker', 'retired or disabled)"
639a2d7e6130c09a362693e0,6111234ac8cfa49e38acbfb4,APPROVED,2022-12-14T20:09:35.890000Z,2022-12-14T20:21:26.211000Z,2022-12-14T23:16:51.979,2022-12-14T20:21:26.557691Z,711,CZELI6JD,1777,English,Right-handed,23,Female,White,United States,United States,United States,English,No,Full-Time
639a3003b347a5504ce1da5c,6294fce0aa6f8d12e0a7cd1e,APPROVED,2022-12-14T20:21:10.208000Z,2022-12-14T20:38:54.952000Z,2022-12-14T23:16:52.086,2022-12-14T20:38:55.315247Z,1065,CZELI6JD,1352,English,Right-handed,32,Male,White,United States,United States,United States,English,No,DATA_EXPIRED
639a300f5109d936446d9458,5f556bd46e6c4c93a5a90c77,APPROVED,2022-12-14T20:20:35.835000Z,2022-12-14T20:23:54.820000Z,2022-12-14T23:16:52.193,2022-12-14T20:23:55.204086Z,199,7F420309,3042,"English, Bengali",Right-handed,21,Female,Asian,Bangladesh,United States,United States,Bengali,No,Full-Time
639a33fecc21c2acc2e938be,5e4d2e7f6603cd16888864e7,APPROVED,2022-12-14T20:44:23.925000Z,2022-12-14T20:57:35.365000Z,2022-12-14T23:16:52.293,2022-12-14T20:57:36.851402Z,792,CZELI6JD,3711,English,Right-handed,25,Female,White,United States,United States,United States,English,Yes,Part-Time
639a357a42c3fb64f781cbc3,62e7f9fec0521e596587319d,APPROVED,2022-12-14T20:43:41.827000Z,2022-12-14T21:08:15.251000Z,2022-12-14T23:16:52.391,2022-12-14T21:08:15.824497Z,1474,CZELI6JD,825,English,Right-handed,33,Male,White,United States,United States,United States,English,No,Full-Time
